Date,Close,High,Low,Open,Volume,Tomorrow,Daily_Return,Tomorrow_Return,Gap,High_Low_Range,Prev_Day_Trend
2024-01-29,6.25,6.349999904632568,6.199999809265137,6.25,1674202,6.25,0.05000019073486328,0.0,0.05000019073486328,0.15000009536743164,0
2024-01-30,6.25,6.300000190734863,6.199999809265137,6.300000190734863,740450,6.300000190734863,0.0,0.008000030517578124,0.05000019073486328,0.10000038146972656,1
2024-01-31,6.300000190734863,6.300000190734863,6.199999809265137,6.300000190734863,803154,6.269999980926514,0.05000019073486328,-0.0047619379206479415,0.05000019073486328,0.10000038146972656,0
2024-02-01,6.269999980926514,6.389999866485596,6.210000038146973,6.300000190734863,744161,6.320000171661377,-0.03000020980834961,0.007974512103184216,0.0,0.17999982833862305,1
2024-02-02,6.320000171661377,6.380000114440918,6.269999980926514,6.28000020980835,1218409,6.230000019073486,0.05000019073486328,-0.014240530085971776,0.010000228881835938,0.1100001335144043,0
2024-02-05,6.230000019073486,6.900000095367432,6.210000038146973,6.329999923706055,3527274,6.239999771118164,-0.09000015258789062,0.0016050966314707779,0.009999752044677734,0.690000057220459,1
2024-02-06,6.239999771118164,6.349999904632568,6.21999979019165,6.300000190734863,2407249,6.25,0.009999752044677734,0.0016026008411285514,0.07000017166137695,0.13000011444091797,0
2024-02-07,6.25,6.349999904632568,6.230000019073486,6.239999771118164,1190433,6.21999979019165,0.010000228881835938,-0.004800033569335937,0.0,0.11999988555908203,1
2024-02-08,6.21999979019165,6.349999904632568,6.210000038146973,6.25,1060894,6.239999771118164,-0.03000020980834961,0.0032154311255848827,0.0,0.1399998664855957,1
2024-02-09,6.239999771118164,6.340000152587891,6.21999979019165,6.340000152587891,857010,6.210000038146973,0.019999980926513672,-0.004807649690957547,0.12000036239624023,0.12000036239624023,0
2024-02-12,6.210000038146973,6.420000076293945,6.199999809265137,6.239999771118164,1484780,6.21999979019165,-0.029999732971191406,0.0016102660198471755,0.0,0.2200002670288086,1
2024-02-13,6.21999979019165,6.289999961853027,6.0,6.210000038146973,785822,6.139999866485596,0.009999752044677734,-0.01286172450233953,0.0,0.28999996185302734,0
2024-02-14,6.139999866485596,6.260000228881836,6.119999885559082,6.230000019073486,840301,6.130000114440918,-0.07999992370605469,-0.0016286241469254915,0.010000228881835938,0.1400003433227539,1
2024-02-15,6.130000114440918,6.210000038146973,6.110000133514404,6.210000038146973,1660868,6.170000076293945,-0.009999752044677734,0.006525279136422253,0.07000017166137695,0.09999990463256836,0
2024-02-16,6.170000076293945,6.239999771118164,6.130000114440918,6.130000114440918,801705,6.210000038146973,0.039999961853027344,0.006482975908981448,0.0,0.1099996566772461,0
2024-02-19,6.210000038146973,6.340000152587891,6.170000076293945,6.179999828338623,1049370,6.190000057220459,0.039999961853027344,-0.003220608825065571,0.009999752044677734,0.1700000762939453,1
2024-02-20,6.190000057220459,6.340000152587891,6.170000076293945,6.210000038146973,629386,6.199999809265137,-0.019999980926513672,0.001615468812962822,0.0,0.1700000762939453,1
2024-02-21,6.199999809265137,6.269999980926514,6.190000057220459,6.190000057220459,1778125,6.199999809265137,0.009999752044677734,0.0,0.0,0.07999992370605469,0
2024-02-22,6.199999809265137,6.25,6.179999828338623,6.210000038146973,604906,6.159999847412109,0.0,-0.006451606948963502,0.010000228881835938,0.07000017166137695,1
2024-02-23,6.159999847412109,6.340000152587891,6.159999847412109,6.199999809265137,712312,6.190000057220459,-0.039999961853027344,0.004870164050564557,0.0,0.18000030517578125,0
2024-02-26,6.190000057220459,6.21999979019165,6.110000133514404,6.159999847412109,868541,6.199999809265137,0.03000020980834961,0.001615468812962822,0.0,0.1099996566772461,0
2024-02-27,6.199999809265137,6.289999961853027,6.190000057220459,6.199999809265137,623489,6.179999828338623,0.009999752044677734,-0.003225803474481751,0.009999752044677734,0.09999990463256836,1
2024-02-28,6.179999828338623,6.210000038146973,6.110000133514404,6.199999809265137,1293443,6.210000038146973,-0.019999980926513672,0.004854403016450342,0.0,0.09999990463256836,1
2024-02-29,6.210000038146973,6.300000190734863,6.179999828338623,6.179999828338623,769739,6.21999979019165,0.03000020980834961,0.0016102660198471755,0.0,0.12000036239624023,0
2024-03-01,6.21999979019165,6.329999923706055,6.170000076293945,6.210000038146973,799714,6.320000171661377,0.009999752044677734,0.01607723228984954,0.0,0.15999984741210938,1
2024-03-04,6.320000171661377,6.420000076293945,6.28000020980835,6.300000190734863,1850862,6.420000076293945,0.10000038146972656,0.015822769290571203,0.08000040054321289,0.1399998664855957,1
2024-03-05,6.420000076293945,6.610000133514404,6.300000190734863,6.329999923706055,2196606,6.440000057220459,0.09999990463256836,0.0031152617895386387,0.009999752044677734,0.309999942779541,1
2024-03-06,6.440000057220459,6.650000095367432,6.400000095367432,6.420000076293945,1676625,6.510000228881836,0.019999980926513672,0.01086959177630651,0.0,0.25,1
2024-03-07,6.510000228881836,6.639999866485596,6.449999809265137,6.460000038146973,3303128,6.579999923706055,0.07000017166137695,0.010752640915996092,0.019999980926513672,0.19000005722045898,1
2024-03-11,6.579999923706055,7.0,6.510000228881836,6.510000228881836,3793492,6.559999942779541,0.06999969482421875,-0.0030395108143480157,0.0,0.48999977111816406,1
2024-03-12,6.559999942779541,6.900000095367432,6.53000020980835,6.679999828338623,2152188,6.5,-0.019999980926513672,-0.009146332820563777,0.09999990463256836,0.36999988555908203,1
2024-03-13,6.5,6.840000152587891,6.400000095367432,6.840000152587891,2091871,6.53000020980835,-0.059999942779541016,0.004615416893592248,0.2800002098083496,0.440000057220459,0
2024-03-14,6.53000020980835,6.699999809265137,6.269999980926514,6.5,2481571,6.53000020980835,0.03000020980834961,0.0,0.0,0.42999982833862305,0
2024-03-15,6.53000020980835,6.75,6.53000020980835,6.53000020980835,966081,6.510000228881836,0.0,-0.0030627841169856037,0.0,0.2199997901916504,1
2024-03-18,6.510000228881836,6.690000057220459,6.449999809265137,6.53000020980835,807064,6.519999980926514,-0.019999980926513672,0.001536060167911131,0.0,0.24000024795532227,0
2024-03-19,6.519999980926514,6.690000057220459,6.510000228881836,6.510000228881836,744449,6.510000228881836,0.009999752044677734,-0.001533704305817611,0.0,0.17999982833862305,0
2024-03-20,6.510000228881836,6.599999904632568,6.510000228881836,6.519999980926514,1639836,6.650000095367432,-0.009999752044677734,0.021505355078864908,0.0,0.08999967575073242,1
2024-03-21,6.650000095367432,6.760000228881836,6.510000228881836,6.510000228881836,1496415,6.579999923706055,0.1399998664855957,-0.010526341452256662,0.0,0.25,0
2024-03-22,6.579999923706055,6.889999866485596,6.559999942779541,6.650000095367432,1074212,6.590000152587891,-0.07000017166137695,0.0015197916410010393,0.0,0.3299999237060547,1
2024-03-26,6.590000152587891,6.630000114440918,6.300000190734863,6.579999923706055,705756,6.590000152587891,0.010000228881835938,0.0,0.0,0.3299999237060547,0
2024-03-27,6.590000152587891,6.639999866485596,6.340000152587891,6.590000152587891,595939,6.639999866485596,0.0,0.0075872098239740116,0.0,0.2999997138977051,1
2024-03-28,6.639999866485596,6.659999847412109,6.599999904632568,6.599999904632568,825608,6.840000152587891,0.04999971389770508,0.030120525621057073,0.009999752044677734,0.059999942779541016,0
2024-04-01,6.840000152587891,6.989999771118164,6.599999904632568,6.639999866485596,2070013,6.849999904632568,0.20000028610229492,0.0014619520207019823,0.0,0.3899998664855957,1
2024-04-02,6.849999904632568,7.190000057220459,6.820000171661377,7.179999828338623,3621265,6.909999847412109,0.009999752044677734,0.00875911585618619,0.3399996757507324,0.36999988555908203,1
2024-04-03,6.909999847412109,7.03000020980835,6.849999904632568,6.849999904632568,3309394,6.940000057220459,0.059999942779541016,0.004341564467557131,0.0,0.18000030517578125,1
2024-04-04,6.940000057220459,7.190000057220459,6.670000076293945,6.909999847412109,3176763,6.920000076293945,0.03000020980834961,-0.0028818416083016387,0.0,0.5199999809265137,1
2024-04-05,6.920000076293945,7.190000057220459,6.800000190734863,6.940000057220459,2196183,7.059999942779541,-0.019999980926513672,0.02023119435579163,0.0,0.3899998664855957,1
2024-04-08,7.059999942779541,7.139999866485596,6.920000076293945,6.920000076293945,3565357,7.150000095367432,0.1399998664855957,0.012747897070443505,0.0,0.2199997901916504,0
2024-04-09,7.150000095367432,7.5,7.059999942779541,7.059999942779541,6165294,7.119999885559082,0.09000015258789062,-0.004195833483664859,0.0,0.440000057220459,1
2024-04-10,7.119999885559082,7.289999961853027,7.119999885559082,7.150000095367432,5099570,7.239999771118164,-0.03000020980834961,0.01685391678200277,0.0,0.1700000762939453,1
2024-04-12,7.239999771118164,7.389999866485596,7.130000114440918,7.130000114440918,4969368,7.199999809265137,0.11999988555908203,-0.005524856784194297,0.010000228881835938,0.25999975204467773,0
2024-04-15,7.199999809265137,7.440000057220459,7.159999847412109,7.28000020980835,6115031,7.25,-0.039999961853027344,0.006944471119363338,0.04000043869018555,0.2800002098083496,1
2024-04-16,7.25,7.300000190734863,7.210000038146973,7.210000038146973,3673682,7.269999980926514,0.05000019073486328,0.002758618058829472,0.010000228881835938,0.09000015258789062,0
2024-04-18,7.269999980926514,7.320000171661377,7.070000171661377,7.25,7181849,7.28000020980835,0.019999980926513672,0.00137554730509937,0.0,0.25,1
2024-04-19,7.28000020980835,7.369999885559082,7.230000019073486,7.269999980926514,2930442,7.239999771118164,0.010000228881835938,-0.00549456559579393,0.0,0.1399998664855957,1
2024-04-22,7.239999771118164,7.340000152587891,7.21999979019165,7.28000020980835,3427986,7.090000152587891,-0.04000043869018555,-0.020718180009984603,0.0,0.12000036239624023,1
2024-04-23,7.090000152587891,7.239999771118164,6.909999847412109,7.239999771118164,3027605,7.159999847412109,-0.14999961853027344,0.009873017393189824,0.0,0.3299999237060547,0
2024-04-24,7.159999847412109,7.190000057220459,7.090000152587891,7.090000152587891,3384796,7.150000095367432,0.06999969482421875,-0.0013966134438245857,0.0,0.09999990463256836,0
2024-04-25,7.150000095367432,7.659999847412109,7.110000133514404,7.659999847412109,3010955,7.190000057220459,-0.009999752044677734,0.005594400184545981,0.5,0.5499997138977051,1
2024-04-26,7.190000057220459,7.210000038146973,7.099999904632568,7.190000057220459,1820617,7.170000076293945,0.039999961853027344,-0.002781638493372328,0.039999961853027344,0.1100001335144043,0
2024-04-29,7.170000076293945,7.400000095367432,7.150000095367432,7.349999904632568,3071715,7.150000095367432,-0.019999980926513672,-0.002789397589079432,0.15999984741210938,0.25,1
2024-04-30,7.150000095367432,7.230000019073486,7.139999866485596,7.170000076293945,2217702,7.119999885559082,-0.019999980926513672,-0.004195833483664859,0.0,0.09000015258789062,0
2024-05-02,7.119999885559082,7.190000057220459,7.099999904632568,7.159999847412109,3058638,7.070000171661377,-0.03000020980834961,-0.007022431840078458,0.009999752044677734,0.09000015258789062,0
2024-05-03,7.070000171661377,7.170000076293945,7.039999961853027,7.170000076293945,2433721,7.110000133514404,-0.04999971389770508,0.005657703095023796,0.05000019073486328,0.13000011444091797,0
2024-05-06,7.110000133514404,7.230000019073486,7.03000020980835,7.070000171661377,2534956,7.110000133514404,0.039999961853027344,0.0,0.0,0.19999980926513672,0
2024-05-07,7.110000133514404,7.199999809265137,7.059999942779541,7.110000133514404,1643726,7.090000152587891,0.0,-0.0028129367863496614,0.0,0.1399998664855957,1
2024-05-08,7.090000152587891,7.139999866485596,7.079999923706055,7.110000133514404,1965248,7.079999923706055,-0.019999980926513672,-0.0014104694875339031,0.0,0.059999942779541016,0
2024-05-09,7.079999923706055,7.130000114440918,7.050000190734863,7.130000114440918,1730075,7.239999771118164,-0.010000228881835938,0.022598848748059987,0.039999961853027344,0.07999992370605469,0
2024-05-10,7.239999771118164,7.28000020980835,7.090000152587891,7.130000114440918,3597315,7.170000076293945,0.15999984741210938,-0.009668466441596009,0.05000019073486328,0.19000005722045898,0
2024-05-13,7.170000076293945,7.300000190734863,7.159999847412109,7.25,2804147,7.170000076293945,-0.06999969482421875,0.0,0.010000228881835938,0.1400003433227539,1
2024-05-14,7.170000076293945,7.300000190734863,7.150000095367432,7.300000190734863,1887300,7.21999979019165,0.0,0.00697346072045638,0.13000011444091797,0.15000009536743164,0
2024-05-15,7.21999979019165,7.260000228881836,7.170000076293945,7.199999809265137,2052361,7.260000228881836,0.04999971389770508,0.005540227126394939,0.029999732971191406,0.09000015258789062,0
2024-05-16,7.260000228881836,7.289999961853027,7.21999979019165,7.21999979019165,1946904,7.269999980926514,0.04000043869018555,0.0013773762712701548,0.0,0.07000017166137695,1
2024-05-17,7.269999980926514,7.300000190734863,7.25,7.260000228881836,2033028,7.349999904632568,0.009999752044677734,0.011004116081972702,0.0,0.05000019073486328,1
2024-05-21,7.349999904632568,7.800000190734863,7.309999942779541,7.769999980926514,3899136,7.349999904632568,0.07999992370605469,0.0,0.5,0.49000024795532227,1
2024-05-22,7.349999904632568,7.599999904632568,7.340000152587891,7.349999904632568,2064302,7.21999979019165,0.0,-0.01768709062961774,0.0,0.25999975204467773,1
2024-05-23,7.21999979019165,7.400000095367432,7.199999809265137,7.400000095367432,3168954,7.139999866485596,-0.13000011444091797,-0.011080322164930581,0.05000019073486328,0.20000028610229492,0
2024-05-24,7.139999866485596,7.25,7.119999885559082,7.21999979019165,3566338,7.159999847412109,-0.07999992370605469,0.002801117829202136,0.0,0.13000011444091797,0
2024-05-27,7.159999847412109,7.210000038146973,7.139999866485596,7.170000076293945,2869179,7.159999847412109,0.019999980926513672,0.0,0.03000020980834961,0.07000017166137695,0
2024-05-28,7.159999847412109,7.239999771118164,7.159999847412109,7.159999847412109,2326355,7.179999828338623,0.0,0.002793293485019055,0.0,0.07999992370605469,1
2024-05-29,7.179999828338623,7.21999979019165,7.139999866485596,7.159999847412109,2707611,7.139999866485596,0.019999980926513672,-0.005571025460913265,0.0,0.07999992370605469,0
2024-05-30,7.139999866485596,7.239999771118164,7.130000114440918,7.179999828338623,1686096,7.159999847412109,-0.039999961853027344,0.002801117829202136,0.0,0.1099996566772461,1
2024-05-31,7.159999847412109,7.179999828338623,7.03000020980835,7.179999828338623,1532999,7.110000133514404,0.019999980926513672,-0.006983200413862695,0.039999961853027344,0.14999961853027344,0
2024-06-03,7.110000133514404,7.21999979019165,7.079999923706055,7.159999847412109,3830614,7.130000114440918,-0.04999971389770508,0.0028129367863496614,0.0,0.1399998664855957,1
2024-06-04,7.130000114440918,7.210000038146973,7.099999904632568,7.110000133514404,3315634,7.119999885559082,0.019999980926513672,-0.0014025566229068822,0.0,0.1100001335144043,0
2024-06-05,7.119999885559082,7.769999980926514,7.059999942779541,7.130000114440918,2354661,7.199999809265137,-0.010000228881835938,0.011235944521335181,0.0,0.7100000381469727,1
2024-06-06,7.199999809265137,7.21999979019165,6.300000190734863,7.119999885559082,1991677,7.159999847412109,0.07999992370605469,-0.005555550404536735,0.0,0.9199995994567871,0
2024-06-07,7.159999847412109,7.289999961853027,7.159999847412109,7.199999809265137,3082763,7.059999942779541,-0.039999961853027344,-0.013966467425095275,0.0,0.13000011444091797,1
2024-06-10,7.059999942779541,7.5,7.039999961853027,7.5,5735771,7.079999923706055,-0.09999990463256836,0.002832858511134722,0.3400001525878906,0.46000003814697266,0
2024-06-11,7.079999923706055,7.139999866485596,6.960000038146973,7.090000152587891,2442208,7.099999904632568,0.019999980926513672,0.0028248560935074983,0.03000020980834961,0.17999982833862305,0
2024-06-12,7.099999904632568,7.139999866485596,7.079999923706055,7.090000152587891,2629142,7.099999904632568,0.019999980926513672,0.0,0.010000228881835938,0.059999942779541016,1
2024-06-13,7.099999904632568,7.150000095367432,7.059999942779541,7.099999904632568,1564746,7.090000152587891,0.0,-0.001408415799858413,0.0,0.09000015258789062,1
2024-06-14,7.090000152587891,7.139999866485596,7.070000171661377,7.099999904632568,1989508,7.090000152587891,-0.009999752044677734,0.0,0.0,0.06999969482421875,0
2024-06-18,7.090000152587891,7.139999866485596,7.010000228881836,7.079999923706055,2159977,7.099999904632568,0.0,0.0014104022326470286,-0.010000228881835938,0.12999963760375977,0
2024-06-19,7.099999904632568,7.139999866485596,7.079999923706055,7.139999866485596,1616823,7.150000095367432,0.009999752044677734,0.007042280479784152,0.04999971389770508,0.059999942779541016,0
2024-06-20,7.150000095367432,7.159999847412109,7.079999923706055,7.099999904632568,2450794,7.199999809265137,0.05000019073486328,0.006992966885427103,0.0,0.07999992370605469,1
2024-06-21,7.199999809265137,7.230000019073486,7.119999885559082,7.150000095367432,2396036,7.110000133514404,0.04999971389770508,-0.012499955296515234,0.0,0.1100001335144043,1
2024-06-24,7.110000133514404,7.5,7.110000133514404,7.5,2772557,7.119999885559082,-0.08999967575073242,0.001406434860323266,0.3000001907348633,0.3899998664855957,1
2024-06-25,7.119999885559082,7.159999847412109,7.099999904632568,7.150000095367432,1299632,7.099999904632568,0.009999752044677734,-0.0028089861303337953,0.039999961853027344,0.059999942779541016,0
2024-06-26,7.099999904632568,7.170000076293945,7.070000171661377,7.119999885559082,2441284,7.070000171661377,-0.019999980926513672,-0.004225314559739268,0.0,0.09999990463256836,1
2024-06-27,7.070000171661377,7.130000114440918,7.039999961853027,7.099999904632568,3504137,7.110000133514404,-0.029999732971191406,0.005657703095023796,0.0,0.09000015258789062,0
2024-06-28,7.110000133514404,7.130000114440918,7.070000171661377,7.119999885559082,1598554,7.099999904632568,0.039999961853027344,-0.0014065019260263952,0.04999971389770508,0.059999942779541016,0
2024-07-01,7.099999904632568,7.159999847412109,7.099999904632568,7.139999866485596,1913612,7.119999885559082,-0.010000228881835938,0.0028168987598808553,0.029999732971191406,0.059999942779541016,1
2024-07-02,7.119999885559082,7.139999866485596,7.099999904632568,7.139999866485596,2356525,7.159999847412109,0.019999980926513672,0.0056179722606675905,0.039999961853027344,0.039999961853027344,0
2024-07-03,7.159999847412109,7.170000076293945,7.110000133514404,7.119999885559082,2008094,7.199999809265137,0.039999961853027344,0.00558658697003811,0.0,0.059999942779541016,1
2024-07-04,7.199999809265137,7.25,7.170000076293945,7.170000076293945,2613476,7.21999979019165,0.039999961853027344,0.0027777752022683675,0.010000228881835938,0.07999992370605469,1
2024-07-05,7.21999979019165,7.25,7.150000095367432,7.199999809265137,1835937,7.21999979019165,0.019999980926513672,0.0,0.0,0.09999990463256836,1
2024-07-08,7.21999979019165,7.340000152587891,7.210000038146973,7.21999979019165,2864877,7.199999809265137,0.0,-0.0027700805412326454,0.0,0.13000011444091797,1
2024-07-09,7.199999809265137,7.260000228881836,7.179999828338623,7.21999979019165,2499132,7.21999979019165,-0.019999980926513672,0.0027777752022683675,0.0,0.08000040054321289,0
2024-07-10,7.21999979019165,7.260000228881836,7.199999809265137,7.210000038146973,2288958,7.230000019073486,0.019999980926513672,0.0013850732925811467,0.010000228881835938,0.06000041961669922,0
2024-07-11,7.230000019073486,7.260000228881836,7.210000038146973,7.21999979019165,2749615,7.230000019073486,0.010000228881835938,0.0,0.0,0.05000019073486328,1
2024-07-12,7.230000019073486,7.300000190734863,7.110000133514404,7.230000019073486,2798327,7.269999980926514,0.0,0.005532498167012906,0.0,0.19000005722045898,1
2024-07-15,7.269999980926514,7.300000190734863,7.230000019073486,7.25,2741804,7.320000171661377,0.039999961853027344,0.006877605346085721,0.019999980926513672,0.07000017166137695,0
2024-07-16,7.320000171661377,7.340000152587891,7.25,7.269999980926514,2396055,7.369999885559082,0.05000019073486328,0.006830561847699648,0.0,0.09000015258789062,1
2024-07-18,7.369999885559082,7.420000076293945,7.320000171661377,7.349999904632568,3550796,7.309999942779541,0.04999971389770508,-0.008141104981169137,0.029999732971191406,0.09999990463256836,1
2024-07-19,7.309999942779541,7.440000057220459,7.21999979019165,7.400000095367432,3791108,7.300000190734863,-0.059999942779541016,-0.0013679551467787627,0.03000020980834961,0.2200002670288086,1
2024-07-22,7.300000190734863,7.400000095367432,7.25,7.369999885559082,2141991,7.130000114440918,-0.009999752044677734,-0.02328768107564009,0.059999942779541016,0.15000009536743164,0
2024-07-23,7.130000114440918,7.349999904632568,7.090000152587891,7.309999942779541,8093328,7.0,-0.1700000762939453,-0.018232834832305134,0.009999752044677734,0.25999975204467773,0
2024-07-24,7.0,7.590000152587891,6.980000019073486,7.130000114440918,6088469,7.25,-0.13000011444091797,0.03571428571428571,0.0,0.6100001335144043,0
2024-07-25,7.25,7.360000133514404,6.96999979019165,7.0,2963418,7.050000190734863,0.25,-0.02758618058829472,0.0,0.3900003433227539,0
2024-07-26,7.050000190734863,7.400000095367432,6.989999771118164,7.389999866485596,5044976,6.960000038146973,-0.19999980926513672,-0.012765978745102612,0.1399998664855957,0.4100003242492676,1
2024-07-29,6.960000038146973,7.28000020980835,6.889999866485596,7.059999942779541,9044998,6.869999885559082,-0.09000015258789062,-0.012931056335432468,0.009999752044677734,0.3900003433227539,0
2024-07-30,6.869999885559082,7.130000114440918,6.809999942779541,7.099999904632568,13787720,6.880000114440918,-0.09000015258789062,0.0014556374160728412,0.1399998664855957,0.32000017166137695,0
2024-07-31,6.880000114440918,6.989999771118164,6.869999885559082,6.880000114440918,5996283,6.909999847412109,0.010000228881835938,0.004360426231421545,0.010000228881835938,0.11999988555908203,0
2024-08-01,6.909999847412109,6.989999771118164,6.880000114440918,6.880000114440918,4740556,6.96999979019165,0.029999732971191406,0.008683059928288106,0.0,0.1099996566772461,1
2024-08-02,6.96999979019165,6.989999771118164,6.900000095367432,6.909999847412109,3225349,6.900000095367432,0.059999942779541016,-0.010042998125010562,0.0,0.08999967575073242,1
2024-08-05,6.900000095367432,7.059999942779541,6.880000114440918,6.96999979019165,4538997,6.869999885559082,-0.06999969482421875,-0.0043478564338703925,0.0,0.17999982833862305,1
2024-08-06,6.869999885559082,6.980000019073486,6.860000133514404,6.900000095367432,3560810,6.840000152587891,-0.03000020980834961,-0.004366773430994027,0.0,0.11999988555908203,0
2024-08-07,6.840000152587891,6.949999809265137,6.829999923706055,6.869999885559082,3950763,6.829999923706055,-0.029999732971191406,-0.0014620217337352522,0.0,0.11999988555908203,0
2024-08-08,6.829999923706055,6.980000019073486,6.820000171661377,6.929999828338623,1844615,6.889999866485596,-0.010000228881835938,0.008784764780346323,0.08999967575073242,0.15999984741210938,0
2024-08-09,6.889999866485596,6.920000076293945,6.829999923706055,6.920000076293945,3550538,6.909999847412109,0.059999942779541016,0.002902754907702941,0.09000015258789062,0.09000015258789062,0
2024-08-12,6.909999847412109,6.960000038146973,6.880000114440918,6.889999866485596,2239018,6.949999809265137,0.019999980926513672,0.005788706618858738,0.0,0.07999992370605469,1
2024-08-13,6.949999809265137,6.980000019073486,6.909999847412109,6.909999847412109,2846136,6.980000019073486,0.039999961853027344,0.004316577069305229,0.0,0.07000017166137695,1
2024-08-14,6.980000019073486,7.010000228881836,6.900000095367432,6.949999809265137,2737510,6.960000038146973,0.03000020980834961,-0.0028653267724730517,0.0,0.1100001335144043,1
2024-08-16,6.960000038146973,7.079999923706055,6.900000095367432,6.989999771118164,1713505,7.059999942779541,-0.019999980926513672,0.014367802310988534,0.009999752044677734,0.17999982833862305,1
2024-08-19,7.059999942779541,7.079999923706055,6.96999979019165,6.980000019073486,3123134,7.110000133514404,0.09999990463256836,0.0070821800481740615,0.019999980926513672,0.1100001335144043,0
2024-08-20,7.110000133514404,7.139999866485596,7.039999961853027,7.070000171661377,3969080,7.090000152587891,0.05000019073486328,-0.0028129367863496614,0.010000228881835938,0.09999990463256836,1
2024-08-21,7.090000152587891,7.159999847412109,7.090000152587891,7.130000114440918,3077188,7.090000152587891,-0.019999980926513672,0.0,0.019999980926513672,0.06999969482421875,1
2024-08-22,7.090000152587891,7.199999809265137,7.059999942779541,7.090000152587891,1957401,7.070000171661377,0.0,-0.002820871720180932,0.0,0.1399998664855957,0
2024-08-23,7.070000171661377,7.119999885559082,7.039999961853027,7.090000152587891,1889073,7.119999885559082,-0.019999980926513672,0.007072095146209263,0.0,0.07999992370605469,0
2024-08-26,7.119999885559082,7.380000114440918,7.059999942779541,7.380000114440918,3177876,7.090000152587891,0.04999971389770508,-0.004213445709744663,0.309999942779541,0.32000017166137695,0
2024-08-28,7.090000152587891,7.170000076293945,7.079999923706055,7.099999904632568,2609839,7.099999904632568,-0.029999732971191406,0.0014104022326470286,-0.019999980926513672,0.09000015258789062,1
2024-08-29,7.099999904632568,7.139999866485596,7.079999923706055,7.099999904632568,1814818,7.110000133514404,0.009999752044677734,0.0014084829600224421,0.009999752044677734,0.059999942779541016,0
2024-08-30,7.110000133514404,7.190000057220459,7.059999942779541,7.110000133514404,2535544,7.070000171661377,0.010000228881835938,-0.005625873572699323,0.010000228881835938,0.13000011444091797,1
2024-09-02,7.070000171661377,7.139999866485596,7.050000190734863,7.110000133514404,2114634,7.070000171661377,-0.039999961853027344,0.0,0.0,0.08999967575073242,1
2024-09-03,7.070000171661377,7.099999904632568,7.039999961853027,7.070000171661377,2086674,7.03000020980835,0.0,-0.005657703095023796,0.0,0.059999942779541016,0
2024-09-04,7.03000020980835,7.190000057220459,7.019999980926514,7.079999923706055,3158814,7.090000152587891,-0.039999961853027344,0.00853484224592601,0.009999752044677734,0.1700000762939453,0
2024-09-05,7.090000152587891,7.099999904632568,7.019999980926514,7.03000020980835,2116235,7.079999923706055,0.059999942779541016,-0.0014104694875339031,0.0,0.07999992370605469,0
2024-09-06,7.079999923706055,7.159999847412109,7.079999923706055,7.090000152587891,1842269,7.039999961853027,-0.010000228881835938,-0.005649712187014997,0.0,0.07999992370605469,1
2024-09-09,7.039999961853027,7.150000095367432,7.019999980926514,7.090000152587891,2672695,7.059999942779541,-0.039999961853027344,0.0028409063970008027,0.010000228881835938,0.13000011444091797,0
2024-09-10,7.059999942779541,7.079999923706055,7.03000020980835,7.050000190734863,1727039,7.099999904632568,0.019999980926513672,0.005665717022269444,0.010000228881835938,0.04999971389770508,0
2024-09-11,7.099999904632568,7.119999885559082,7.059999942779541,7.110000133514404,1897014,7.099999904632568,0.039999961853027344,0.0,0.05000019073486328,0.059999942779541016,1
2024-09-12,7.099999904632568,7.139999866485596,7.070000171661377,7.130000114440918,1828016,7.21999979019165,0.0,0.01690139255928513,0.03000020980834961,0.06999969482421875,1
2024-09-13,7.21999979019165,7.25,7.099999904632568,7.110000133514404,4471215,7.269999980926514,0.11999988555908203,0.006925234375046437,0.010000228881835938,0.15000009536743164,0
2024-09-16,7.269999980926514,7.300000190734863,7.21999979019165,7.21999979019165,3446721,7.25,0.05000019073486328,-0.0027510290204931756,0.0,0.08000040054321289,1
2024-09-17,7.25,7.289999961853027,7.230000019073486,7.28000020980835,2571254,7.159999847412109,-0.019999980926513672,-0.01241381415005388,0.010000228881835938,0.059999942779541016,1
2024-09-18,7.159999847412109,7.300000190734863,6.900000095367432,7.25,1989830,7.25,-0.09000015258789062,0.012569853981270689,0.0,0.40000009536743164,0
2024-09-19,7.25,7.269999980926514,7.110000133514404,7.21999979019165,2265646,7.289999961853027,0.09000015258789062,0.005517236117658944,0.059999942779541016,0.15999984741210938,0
2024-09-20,7.289999961853027,7.340000152587891,7.25,7.340000152587891,3658185,7.360000133514404,0.039999961853027344,0.009602218385140263,0.09000015258789062,0.09000015258789062,1
2024-09-23,7.360000133514404,7.380000114440918,7.289999961853027,7.360000133514404,3886106,7.400000095367432,0.07000017166137695,0.005434777327093246,0.07000017166137695,0.09000015258789062,1
2024-09-24,7.400000095367432,7.420000076293945,7.360000133514404,7.360000133514404,4290506,7.460000038146973,0.039999961853027344,0.008108100271120583,0.0,0.059999942779541016,1
2024-09-25,7.460000038146973,7.71999979019165,7.420000076293945,7.71999979019165,5211647,7.5,0.059999942779541016,0.005361925153952564,0.31999969482421875,0.2999997138977051,1
2024-09-26,7.5,7.619999885559082,7.460000038146973,7.5,4989826,7.46999979019165,0.039999961853027344,-0.004000027974446614,0.039999961853027344,0.15999984741210938,1
2024-09-27,7.46999979019165,7.78000020980835,7.460000038146973,7.699999809265137,5216847,7.460000038146973,-0.03000020980834961,-0.0013386549297909928,0.19999980926513672,0.32000017166137695,1
2024-09-30,7.460000038146973,7.690000057220459,7.449999809265137,7.489999771118164,4924170,7.449999809265137,-0.009999752044677734,-0.0013405132480830315,0.019999980926513672,0.24000024795532227,0
2024-10-01,7.449999809265137,7.5,7.400000095367432,7.5,2846590,7.46999979019165,-0.010000228881835938,0.002684561266919879,0.039999961853027344,0.09999990463256836,0
2024-10-03,7.46999979019165,7.539999961853027,7.449999809265137,7.46999979019165,5096692,7.5,0.019999980926513672,0.004016092456621063,0.019999980926513672,0.09000015258789062,0
2024-10-04,7.5,7.550000190734863,7.46999979019165,7.5,5790435,7.480000019073486,0.03000020980834961,-0.002666664123535156,0.03000020980834961,0.08000040054321289,1
2024-10-07,7.480000019073486,7.639999866485596,7.440000057220459,7.5,6271543,7.440000057220459,-0.019999980926513672,-0.005347588469389063,0.0,0.19999980926513672,1
2024-10-08,7.440000057220459,7.480000019073486,7.429999828338623,7.480000019073486,3964802,7.380000114440918,-0.039999961853027344,-0.008064508376086847,0.0,0.05000019073486328,0
2024-10-09,7.380000114440918,7.519999980926514,7.21999979019165,7.519999980926514,4593844,7.380000114440918,-0.059999942779541016,0.0,0.07999992370605469,0.3000001907348633,0
2024-10-10,7.380000114440918,7.809999942779541,7.309999942779541,7.590000152587891,2847032,7.449999809265137,0.0,0.009485053352132865,0.21000003814697266,0.5,0
2024-10-11,7.449999809265137,7.519999980926514,7.360000133514404,7.360000133514404,4056057,7.5,0.06999969482421875,0.006711435169794356,-0.019999980926513672,0.15999984741210938,0
2024-10-14,7.5,7.739999771118164,7.449999809265137,7.599999904632568,3601127,7.489999771118164,0.05000019073486328,-0.0013333638509114584,0.15000009536743164,0.28999996185302734,1
2024-10-15,7.489999771118164,7.75,7.449999809265137,7.75,3330290,7.550000190734863,-0.010000228881835938,0.008010737176263211,0.25,0.3000001907348633,1
2024-10-16,7.550000190734863,7.579999923706055,7.460000038146973,7.550000190734863,2825262,7.559999942779541,0.06000041961669922,0.001324470436033781,0.06000041961669922,0.11999988555908203,0
2024-10-17,7.559999942779541,7.599999904632568,7.5,7.599999904632568,3109829,7.639999866485596,0.009999752044677734,0.010582000570312384,0.04999971389770508,0.09999990463256836,1
2024-10-18,7.639999866485596,7.670000076293945,7.599999904632568,7.610000133514404,4128463,7.710000038146973,0.07999992370605469,0.009162326293806216,0.05000019073486328,0.07000017166137695,1
2024-10-21,7.710000038146973,8.0,7.670000076293945,7.690000057220459,8543244,7.710000038146973,0.07000017166137695,0.0,0.05000019073486328,0.3299999237060547,1
2024-10-22,7.710000038146973,7.920000076293945,7.699999809265137,7.710000038146973,7609795,7.78000020980835,0.0,0.0090791402483833,0.0,0.2200002670288086,1
2024-10-23,7.78000020980835,7.800000190734863,7.710000038146973,7.760000228881836,7110848,7.71999979019165,0.07000017166137695,-0.007712135989540963,0.05000019073486328,0.09000015258789062,0
2024-10-24,7.71999979019165,8.039999961853027,7.679999828338623,7.78000020980835,7104637,7.679999828338623,-0.06000041961669922,-0.005181342349755988,0.0,0.3600001335144043,1
2024-10-25,7.679999828338623,7.929999828338623,7.670000076293945,7.929999828338623,5310955,7.710000038146973,-0.039999961853027344,0.003906277406107626,0.21000003814697266,0.25999975204467773,0
2024-10-28,7.710000038146973,7.75,7.610000133514404,7.75,5729791,7.769999980926514,0.03000020980834961,0.007782093707221492,0.07000017166137695,0.1399998664855957,0
2024-10-29,7.769999980926514,7.78000020980835,7.710000038146973,7.760000228881836,7324971,7.840000152587891,0.059999942779541016,0.009009031123965327,0.05000019073486328,0.07000017166137695,1
2024-10-31,7.840000152587891,8.100000381469727,7.829999923706055,8.100000381469727,7691020,8.1899995803833,0.07000017166137695,0.04464278328870689,0.3300004005432129,0.2700004577636719,1
2024-11-01,8.1899995803833,8.399999618530273,7.800000190734863,8.1899995803833,9561419,7.75,0.34999942779541016,-0.05372400524136636,0.34999942779541016,0.5999994277954102,1
2024-11-04,7.75,8.640000343322754,7.71999979019165,8.1899995803833,20153800,7.699999809265137,-0.4399995803833008,-0.006451637514175907,0.0,0.9200005531311035,1
2024-11-06,7.699999809265137,7.840000152587891,7.630000114440918,7.800000190734863,9548412,7.570000171661377,-0.05000019073486328,-0.016883070236876605,0.05000019073486328,0.21000003814697266,0
2024-11-07,7.570000171661377,7.71999979019165,7.53000020980835,7.71999979019165,8344128,7.619999885559082,-0.12999963760375977,0.0066049818710547945,0.019999980926513672,0.18999958038330078,0
2024-11-08,7.619999885559082,7.699999809265137,7.570000171661377,7.619999885559082,4605930,7.579999923706055,0.04999971389770508,-0.005249338904693767,0.04999971389770508,0.12999963760375977,0
2024-11-11,7.579999923706055,7.820000171661377,7.550000190734863,7.820000171661377,4291666,7.409999847412109,-0.039999961853027344,-0.02242745092414565,0.20000028610229492,0.26999998092651367,1
2024-11-12,7.409999847412109,7.619999885559082,7.389999866485596,7.619999885559082,7596038,7.409999847412109,-0.1700000762939453,0.0,0.039999961853027344,0.23000001907348633,0
2024-11-13,7.409999847412109,7.449999809265137,7.360000133514404,7.449999809265137,5197277,7.28000020980835,0.0,-0.017543811104012538,0.039999961853027344,0.08999967575073242,0
2024-11-14,7.28000020980835,7.420000076293945,7.260000228881836,7.420000076293945,6559571,7.380000114440918,-0.12999963760375977,0.013736250240465434,0.010000228881835938,0.15999984741210938,0
2024-11-18,7.380000114440918,7.510000228881836,7.28000020980835,7.510000228881836,5944599,7.480000019073486,0.09999990463256836,0.013550122368818416,0.23000001907348633,0.23000001907348633,0
2024-11-19,7.480000019073486,7.489999771118164,7.380000114440918,7.440000057220459,5221454,7.570000171661377,0.09999990463256836,0.012032105930266901,0.059999942779541016,0.1099996566772461,1
2024-11-21,7.570000171661377,7.650000095367432,7.110000133514404,7.599999904632568,7349529,7.659999847412109,0.09000015258789062,0.011888992564049086,0.11999988555908203,0.5399999618530273,1
2024-11-22,7.659999847412109,7.690000057220459,7.570000171661377,7.570000171661377,7107615,7.570000171661377,0.08999967575073242,-0.011749305162341269,0.0,0.11999988555908203,1
2024-11-25,7.570000171661377,7.739999771118164,7.550000190734863,7.659999847412109,5811591,7.449999809265137,-0.08999967575073242,-0.01585209506935902,0.0,0.18999958038330078,1
2024-11-26,7.449999809265137,7.949999809265137,7.420000076293945,7.949999809265137,6289764,7.519999980926514,-0.12000036239624023,0.009395996436714234,0.37999963760375977,0.5299997329711914,0
2024-11-27,7.519999980926514,7.53000020980835,7.449999809265137,7.480000019073486,4820899,7.510000228881836,0.07000017166137695,-0.001329754264633083,0.03000020980834961,0.08000040054321289,0
2024-11-28,7.510000228881836,7.570000171661377,7.420000076293945,7.519999980926514,3848103,7.550000190734863,-0.009999752044677734,0.0053262264492610996,0.0,0.15000009536743164,1
2024-11-29,7.550000190734863,7.889999866485596,7.510000228881836,7.889999866485596,3833997,7.5,0.039999961853027344,-0.0066225416518826095,0.37999963760375977,0.37999963760375977,0
2024-12-02,7.5,7.679999828338623,7.460000038146973,7.53000020980835,6083489,7.519999980926514,-0.05000019073486328,0.002666664123535156,-0.019999980926513672,0.2199997901916504,1
2024-12-03,7.519999980926514,7.539999961853027,7.5,7.5,4934156,7.519999980926514,0.019999980926513672,0.0,0.0,0.039999961853027344,0
2024-12-04,7.519999980926514,7.570000171661377,7.5,7.570000171661377,6886317,7.53000020980835,0.0,0.0013298176738298134,0.05000019073486328,0.07000017166137695,1
2024-12-05,7.53000020980835,7.559999942779541,7.519999980926514,7.550000190734863,4217288,7.519999980926514,0.010000228881835938,-0.001328051607330627,0.03000020980834961,0.039999961853027344,0
2024-12-06,7.519999980926514,7.570000171661377,7.489999771118164,7.550000190734863,4664698,7.550000190734863,-0.010000228881835938,0.00398938961229271,0.019999980926513672,0.08000040054321289,1
2024-12-09,7.550000190734863,7.849999904632568,7.489999771118164,7.639999866485596,5014511,7.590000152587891,0.03000020980834961,0.005298008058610928,0.11999988555908203,0.3600001335144043,0
2024-12-10,7.590000152587891,7.639999866485596,7.5,7.599999904632568,6296897,7.659999847412109,0.039999961853027344,0.00922262100355184,0.04999971389770508,0.1399998664855957,1
2024-12-11,7.659999847412109,7.75,7.590000152587891,7.639999866485596,7140322,7.699999809265137,0.06999969482421875,0.005221927238881228,0.04999971389770508,0.15999984741210938,1
2024-12-12,7.699999809265137,7.75,7.659999847412109,7.699999809265137,6596025,7.590000152587891,0.039999961853027344,-0.014285670052210573,0.039999961853027344,0.09000015258789062,1
2024-12-13,7.590000152587891,7.710000038146973,7.590000152587891,7.679999828338623,6492459,7.570000171661377,-0.1099996566772461,-0.0026350435473567768,-0.019999980926513672,0.11999988555908203,1
2024-12-16,7.570000171661377,7.690000057220459,7.53000020980835,7.690000057220459,5345215,7.53000020980835,-0.019999980926513672,-0.005284010692994293,0.09999990463256836,0.15999984741210938,0
2024-12-17,7.53000020980835,7.619999885559082,7.53000020980835,7.619999885559082,4900202,7.550000190734863,-0.039999961853027344,0.002656039889675209,0.04999971389770508,0.08999967575073242,0
2024-12-18,7.550000190734863,7.619999885559082,7.449999809265137,7.619999885559082,3805014,7.489999771118164,0.019999980926513672,-0.007947075245154292,0.08999967575073242,0.1700000762939453,0
2024-12-19,7.489999771118164,7.550000190734863,7.449999809265137,7.550000190734863,4594130,7.449999809265137,-0.06000041961669922,-0.0053404490087261836,0.0,0.10000038146972656,1
2024-12-20,7.449999809265137,7.489999771118164,7.400000095367432,7.489999771118164,3953225,7.489999771118164,-0.039999961853027344,0.005369122533839758,0.0,0.08999967575073242,0
2024-12-23,7.489999771118164,7.599999904632568,7.449999809265137,7.489999771118164,3407332,7.480000019073486,0.039999961853027344,-0.0013350804205945785,0.039999961853027344,0.15000009536743164,0
2024-12-24,7.480000019073486,7.699999809265137,7.440000057220459,7.699999809265137,2581532,7.5,-0.009999752044677734,0.0026737942346945313,0.21000003814697266,0.25999975204467773,1
2024-12-26,7.5,7.559999942779541,7.449999809265137,7.449999809265137,3086421,7.539999961853027,0.019999980926513672,0.005333328247070312,-0.03000020980834961,0.1100001335144043,0
2024-12-27,7.539999961853027,7.570000171661377,7.460000038146973,7.5,3268906,7.510000228881836,0.039999961853027344,-0.003978744446017038,0.0,0.1100001335144043,1
2024-12-30,7.510000228881836,7.639999866485596,7.480000019073486,7.550000190734863,3517137,7.519999980926514,-0.029999732971191406,0.0013315248655014485,0.010000228881835938,0.15999984741210938,1
2024-12-31,7.519999980926514,7.570000171661377,7.480000019073486,7.510000228881836,2686841,7.550000190734863,0.009999752044677734,0.00398938961229271,0.0,0.09000015258789062,0
2025-01-01,7.550000190734863,7.579999923706055,7.519999980926514,7.53000020980835,2560137,7.579999923706055,0.03000020980834961,0.003973474465339245,0.010000228881835938,0.059999942779541016,1
2025-01-02,7.579999923706055,7.639999866485596,7.489999771118164,7.550000190734863,2511668,7.630000114440918,0.029999732971191406,0.006596331297905465,0.0,0.15000009536743164,1
2025-01-03,7.630000114440918,7.679999828338623,7.610000133514404,7.610000133514404,5274163,7.570000171661377,0.05000019073486328,-0.00786368831973962,0.03000020980834961,0.06999969482421875,1
2025-01-06,7.570000171661377,7.650000095367432,7.5,7.639999866485596,4660781,7.579999923706055,-0.059999942779541016,0.0013209711780605023,0.009999752044677734,0.15000009536743164,1
2025-01-07,7.579999923706055,7.610000133514404,7.5,7.579999923706055,2821319,7.639999866485596,0.009999752044677734,0.007915559813120093,0.009999752044677734,0.1100001335144043,0
2025-01-08,7.639999866485596,7.670000076293945,7.510000228881836,7.579999923706055,3687379,7.650000095367432,0.059999942779541016,0.0013089305047901852,0.0,0.15999984741210938,1
2025-01-09,7.650000095367432,7.679999828338623,7.639999866485596,7.639999866485596,3241920,7.690000057220459,0.010000228881835938,0.0052287531182189,0.0,0.039999961853027344,1
2025-01-10,7.690000057220459,7.699999809265137,7.619999885559082,7.670000076293945,4631535,7.78000020980835,0.039999961853027344,0.011703530808609782,0.019999980926513672,0.07999992370605469,1
2025-01-13,7.78000020980835,7.849999904632568,7.639999866485596,7.800000190734863,7691511,7.739999771118164,0.09000015258789062,-0.005141444423067812,0.1100001335144043,0.21000003814697266,1
2025-01-14,7.739999771118164,7.789999961853027,7.590000152587891,7.78000020980835,5304616,7.75,-0.04000043869018555,0.0012920192735860053,0.0,0.19999980926513672,1
2025-01-15,7.75,7.789999961853027,7.710000038146973,7.769999980926514,5177920,7.789999961853027,0.010000228881835938,0.005161285400390625,0.03000020980834961,0.07999992370605469,0
2025-01-16,7.789999961853027,7.889999866485596,7.599999904632568,7.75,4203922,7.829999923706055,0.039999961853027344,0.0051347833182161465,0.0,0.28999996185302734,1
2025-01-17,7.829999923706055,7.889999866485596,7.78000020980835,7.789999961853027,5103939,7.820000171661377,0.039999961853027344,-0.001277107553271176,0.0,0.1099996566772461,1
2025-01-20,7.820000171661377,7.920000076293945,7.679999828338623,7.849999904632568,3906180,7.849999904632568,-0.009999752044677734,0.0038362829044309207,0.019999980926513672,0.24000024795532227,1
2025-01-21,7.849999904632568,7.889999866485596,7.75,7.889999866485596,4038455,7.929999828338623,0.029999732971191406,0.010191073207382315,0.06999969482421875,0.1399998664855957,0
2025-01-22,7.929999828338623,8.239999771118164,7.820000171661377,8.239999771118164,5716233,7.909999847412109,0.07999992370605469,-0.00252206574520239,0.3899998664855957,0.4199995994567871,1
2025-01-23,7.909999847412109,8.0,7.840000152587891,7.929999828338623,5196961,7.949999809265137,-0.019999980926513672,0.005056885287565967,0.0,0.15999984741210938,1
2025-01-24,7.949999809265137,8.149999618530273,7.849999904632568,8.149999618530273,5682417,7.929999828338623,0.039999961853027344,-0.0025157209316162715,0.23999977111816406,0.2999997138977051,0
2025-01-27,7.929999828338623,8.100000381469727,7.900000095367432,7.949999809265137,6888552,7.929999828338623,-0.019999980926513672,0.0,0.0,0.20000028610229492,1
2025-01-28,7.929999828338623,9.399999618530272,7.889999866485596,7.960000038146973,5082151,7.980000019073486,0.0,0.006305194428401216,0.03000020980834961,1.509999752044676,0
2025-01-29,7.980000019073486,8.100000381469727,7.929999828338623,7.940000057220459,5629540,8.0,0.05000019073486328,0.0025062632680088338,0.010000228881835938,0.17000055313110352,0
2025-01-30,8.0,8.149999618530273,7.960000038146973,8.09000015258789,6718636,8.109999656677246,0.019999980926513672,0.013749957084655762,0.1100001335144043,0.18999958038330078,1
2025-01-31,8.109999656677246,8.149999618530273,7.980000019073486,8.0,18229410,8.15999984741211,0.1099996566772461,0.006165251892914247,0.0,0.1699995994567871,1
2025-02-01,8.15999984741211,8.359999656677246,8.109999656677246,8.350000381469727,0,8.170000076293945,0.05000019073486328,0.001225518268239606,0.24000072479248047,0.25,1
2025-02-03,8.170000076293945,8.390000343322754,8.0,8.15999984741211,8881542,8.229999542236328,0.010000228881835938,0.007343875811761267,0.0,0.3900003433227539,1
2025-02-04,8.229999542236328,8.279999732971191,8.149999618530273,8.270000457763672,8334165,8.369999885559082,0.05999946594238281,0.017010978263640557,0.10000038146972656,0.13000011444091797,1
2025-02-05,8.369999885559082,8.399999618530273,8.199999809265137,8.3100004196167,11953360,8.380000114440918,0.1400003433227539,0.0011947704920629114,0.0800008773803711,0.19999980926513672,1
2025-02-06,8.380000114440918,8.680000305175781,8.300000190734863,8.399999618530273,12640760,8.390000343322754,0.010000228881835938,0.0011933447190057842,0.029999732971191406,0.38000011444091797,1
2025-02-07,8.390000343322754,8.539999961853027,8.359999656677246,8.380000114440918,9160036,8.489999771118164,0.010000228881835938,0.011918882443788631,0.0,0.18000030517578125,1
2025-02-10,8.489999771118164,8.550000190734863,8.390000343322754,8.399999618530273,12002680,8.449999809265137,0.09999942779541016,-0.004711420839974794,0.009999275207519531,0.15999984741210938,1
2025-02-11,8.449999809265137,8.649999618530273,8.4399995803833,8.59000015258789,12585730,8.390000343322754,-0.039999961853027344,-0.00710052867416582,0.10000038146972656,0.21000003814697266,1
2025-02-12,8.390000343322754,8.479999542236328,8.300000190734863,8.449999809265137,10740330,8.4399995803833,-0.05999946594238281,0.005959384387908774,0.0,0.17999935150146484,0
2025-02-13,8.4399995803833,8.489999771118164,8.25,8.390000343322754,7722192,8.479999542236328,0.049999237060546875,0.004739332208735816,0.0,0.23999977111816406,0
2025-02-14,8.479999542236328,8.5,8.3100004196167,8.4399995803833,8305786,8.40999984741211,0.039999961853027344,-0.008254681439022646,0.0,0.18999958038330078,1
2025-02-17,8.40999984741211,8.75,8.199999809265137,8.75,8761019,8.4399995803833,-0.06999969482421875,0.003567150239654618,0.2700004577636719,0.5500001907348633,1
2025-02-18,8.4399995803833,8.479999542236328,8.369999885559082,8.479999542236328,5825541,8.520000457763672,0.029999732971191406,0.009478777412064501,0.06999969482421875,0.1099996566772461,0
2025-02-19,8.520000457763672,8.539999961853027,8.4399995803833,8.529999732971191,6236253,8.520000457763672,0.0800008773803711,0.0,0.09000015258789062,0.10000038146972656,1
2025-02-20,8.520000457763672,8.609999656677246,8.479999542236328,8.529999732971191,10485150,8.460000038146973,0.0,-0.007042302393543312,0.009999275207519531,0.13000011444091797,1
2025-02-21,8.460000038146973,8.550000190734863,8.430000305175781,8.520000457763672,6673417,8.5,-0.06000041961669922,0.004728127857288839,0.0,0.11999988555908203,0
2025-02-24,8.5,8.579999923706055,8.4399995803833,8.579999923706055,7112462,8.529999732971191,0.039999961853027344,0.0035293803495519303,0.11999988555908203,0.1400003433227539,0
2025-02-25,8.529999732971191,8.550000190734863,8.5,8.510000228881836,5621454,8.430000305175781,0.029999732971191406,-0.011723262711120636,0.010000228881835938,0.05000019073486328,1
2025-02-27,8.430000305175781,8.550000190734863,8.420000076293945,8.550000190734863,7670726,8.350000381469727,-0.09999942779541016,-0.009489907569390834,0.020000457763671875,0.13000011444091797,1
2025-02-28,8.350000381469727,8.479999542236328,8.300000190734863,8.430000305175781,7279112,8.380000114440918,-0.07999992370605469,0.003592782227623204,0.0,0.17999935150146484,0
2025-03-03,8.380000114440918,8.399999618530273,8.0,8.350000381469727,7446478,8.489999771118164,0.029999732971191406,0.013126450498215161,0.0,0.39999961853027344,0
2025-03-04,8.489999771118164,8.5,8.380000114440918,8.390000343322754,7335376,8.479999542236328,0.1099996566772461,-0.001177883292277035,0.010000228881835938,0.11999988555908203,1
2025-03-05,8.479999542236328,8.5600004196167,8.380000114440918,8.489999771118164,7329895,8.449999809265137,-0.010000228881835938,-0.0035377045507811356,0.0,0.18000030517578125,1
2025-03-06,8.449999809265137,8.529999732971191,8.399999618530273,8.529999732971191,5794770,8.470000267028809,-0.029999732971191406,0.0023669181319675363,0.05000019073486328,0.13000011444091797,0
2025-03-07,8.470000267028809,8.489999771118164,8.40999984741211,8.470000267028809,4741552,8.449999809265137,0.020000457763671875,-0.0023613290594012974,0.020000457763671875,0.07999992370605469,0
2025-03-10,8.449999809265137,8.75,8.420000076293945,8.470000267028809,3924815,8.430000305175781,-0.020000457763671875,-0.002366805271099142,0.0,0.3299999237060547,1
2025-03-11,8.430000305175781,8.479999542236328,8.380000114440918,8.449999809265137,4738411,8.479999542236328,-0.01999950408935547,0.005931107384402912,0.0,0.09999942779541016,0
2025-03-12,8.479999542236328,8.489999771118164,8.40999984741211,8.430000305175781,4692378,8.529999732971191,0.049999237060546875,0.005896249225701884,0.0,0.07999992370605469,0
2025-03-13,8.529999732971191,8.550000190734863,8.479999542236328,8.479999542236328,5790858,8.630000114440918,0.05000019073486328,0.011723374513505896,0.0,0.07000064849853516,1
2025-03-17,8.630000114440918,8.800000190734863,8.550000190734863,8.800000190734863,7433105,8.699999809265137,0.10000038146972656,0.008111204391189463,0.2700004577636719,0.25,1
2025-03-18,8.699999809265137,8.720000267028809,8.350000381469727,8.350000381469727,5374914,8.720000267028809,0.06999969482421875,0.002298903241626767,-0.2799997329711914,0.36999988555908203,1
2025-03-19,8.720000267028809,8.770000457763672,8.670000076293945,8.670000076293945,7594879,8.729999542236328,0.020000457763671875,0.001146705837306885,-0.029999732971191406,0.10000038146972656,1
2025-03-20,8.729999542236328,8.819999694824219,8.720000267028809,8.739999771118164,6668108,8.680000305175781,0.009999275207519531,-0.005727289768876526,0.01999950408935547,0.09999942779541016,1
2025-03-21,8.680000305175781,8.760000228881836,8.550000190734863,8.75,6122724,8.619999885559082,-0.049999237060546875,-0.006912490496218264,0.020000457763671875,0.21000003814697266,1
2025-03-24,8.619999885559082,8.720000267028809,8.600000381469727,8.6899995803833,8410347,8.609999656677246,-0.06000041961669922,-0.0011601193752437428,0.009999275207519531,0.11999988555908203,0
2025-03-25,8.609999656677246,8.640000343322754,8.5600004196167,8.619999885559082,5833936,8.59000015258789,-0.010000228881835938,-0.0023228228672280385,0.0,0.07999992370605469,0
2025-03-26,8.59000015258789,8.640000343322754,8.59000015258789,8.609999656677246,4444029,8.65999984741211,-0.01999950408935547,0.008148974805679146,0.0,0.05000019073486328,0
2025-03-27,8.65999984741211,8.680000305175781,8.5600004196167,8.65999984741211,3590642,8.739999771118164,0.06999969482421875,0.009237866641529015,0.06999969482421875,0.11999988555908203,0
2025-03-28,8.739999771118164,8.770000457763672,8.65999984741211,8.739999771118164,5344474,8.9399995803833,0.07999992370605469,0.022883273970560926,0.07999992370605469,0.1100006103515625,1
2025-04-01,8.9399995803833,8.960000038146973,8.8100004196167,8.850000381469727,10523490,8.9399995803833,0.19999980926513672,0.0,0.1100006103515625,0.14999961853027344,1
2025-04-02,8.9399995803833,10.479999542236328,8.90999984741211,9.0,9897555,8.920000076293945,0.0,-0.002237081099336919,0.06000041961669922,1.5699996948242188,1
2025-04-03,8.920000076293945,9.050000190734863,8.90999984741211,8.960000038146973,10360120,8.8100004196167,-0.01999950408935547,-0.012331799970448927,0.020000457763671875,0.1400003433227539,0
2025-04-04,8.8100004196167,8.90999984741211,8.75,8.890000343322754,11665270,8.65999984741211,-0.1099996566772461,-0.017026170835428404,-0.029999732971191406,0.15999984741210938,0
2025-04-07,8.65999984741211,8.789999961853027,7.139999866485596,8.760000228881836,17700860,8.619999885559082,-0.15000057220458984,-0.004618933320764507,-0.05000019073486328,1.6500000953674316,0
2025-04-08,8.619999885559082,8.65999984741211,8.520000457763672,8.649999618530273,6753383,8.760000228881836,-0.039999961853027344,0.016241339348193468,-0.010000228881835938,0.1399993896484375,0
2025-04-09,8.760000228881836,8.800000190734863,8.600000381469727,8.619999885559082,23124890,9.109999656677246,0.1400003433227539,0.03995427153545698,0.0,0.19999980926513672,0
2025-04-11,9.109999656677246,9.170000076293944,8.90999984741211,8.90999984741211,13085080,9.149999618530272,0.34999942779541016,0.004390775341435636,0.14999961853027344,0.26000022888183416,1
2025-04-15,9.149999618530272,9.399999618530272,9.050000190734863,9.399999618530272,12940830,9.289999961853027,0.03999996185302557,0.015300584607591861,0.28999996185302557,0.3499994277954084,1
2025-04-16,9.289999961853027,9.300000190734863,9.210000038146973,9.229999542236328,10468540,9.329999923706056,0.14000034332275568,0.00430570097064355,0.07999992370605646,0.09000015258789062,1
2025-04-17,9.329999923706056,9.550000190734863,9.300000190734863,9.550000190734863,16658960,9.5,0.03999996185302912,0.018220801466675277,0.26000022888183594,0.25,1
2025-04-21,9.5,9.630000114440918,9.369999885559082,9.420000076293944,15906300,9.6899995803833,0.17000007629394354,0.019999955829821135,0.09000015258788707,0.26000022888183594,1
2025-04-22,9.6899995803833,9.760000228881836,9.600000381469728,9.600000381469728,18210500,9.460000038146973,0.18999958038330078,-0.0237357639005419,0.10000038146972834,0.1599998474121076,1
2025-04-23,9.460000038146973,9.68000030517578,9.359999656677246,9.68000030517578,19475530,9.449999809265137,-0.22999954223632812,-0.0010571066428658054,-0.009999275207521308,0.3200006484985334,1
2025-04-24,9.449999809265137,9.529999732971191,9.40999984741211,9.470000267028809,9824941,9.399999618530272,-0.010000228881835938,-0.005291025581380751,0.010000228881835938,0.11999988555908203,0
2025-04-25,9.399999618530272,9.520000457763672,9.350000381469728,9.479999542236328,10354610,9.300000190734863,-0.05000019073486506,-0.010638237431231268,0.029999732971191406,0.17000007629394354,0
2025-04-28,9.300000190734863,9.449999809265137,9.130000114440918,9.390000343322754,11055680,9.40999984741211,-0.09999942779540838,0.011827919830241873,-0.009999275207517755,0.31999969482421875,0
2025-04-29,9.40999984741211,9.449999809265137,9.329999923706056,9.329999923706056,9473605,9.300000190734863,0.1099996566772461,-0.011689655521885863,0.029999732971193183,0.11999988555908025,0
2025-04-30,9.300000190734863,9.449999809265137,9.279999732971191,9.43000030517578,12484440,9.220000267028809,-0.1099996566772461,-0.008602142157561965,0.0200004577636701,0.1700000762939453,1
2025-05-02,9.220000267028809,9.3100004196167,9.109999656677246,9.25,10967650,9.359999656677246,-0.07999992370605469,0.015184315140324069,-0.05000019073486328,0.20000076293945312,0
2025-05-05,9.359999656677246,9.390000343322754,9.199999809265137,9.300000190734863,8009116,9.539999961853027,0.1399993896484375,0.019230802540400996,0.07999992370605469,0.1900005340576172,0
2025-05-06,9.539999961853027,9.5600004196167,9.420000076293944,9.4399995803833,13114430,9.510000228881836,0.18000030517578125,-0.003144626110183372,0.07999992370605469,0.14000034332275568,1
2025-05-07,9.510000228881836,9.630000114440918,9.449999809265137,9.5600004196167,11124210,9.479999542236328,-0.029999732971191406,-0.003154646259039599,0.020000457763671875,0.18000030517578125,1
2025-05-08,9.479999542236328,9.619999885559082,9.380000114440918,9.539999961853027,10797970,9.470000267028809,-0.030000686645507812,-0.0010547759167043912,0.029999732971191406,0.23999977111816406,0
2025-05-09,9.470000267028809,9.539999961853027,9.350000381469728,9.479999542236328,8102362,9.270000457763672,-0.009999275207519531,-0.02111930344516096,0.0,0.189999580383299,0
2025-05-12,9.270000457763672,9.460000038146973,9.18000030517578,9.460000038146973,18388650,9.279999732971191,-0.19999980926513672,0.0010786704114070552,-0.010000228881835938,0.2799997329711932,0
2025-05-13,9.279999732971191,9.34000015258789,9.1899995803833,9.31999969482422,8974759,9.220000267028809,0.009999275207519531,-0.006465459878108498,0.04999923706054865,0.15000057220458984,0
2025-05-14,9.220000267028809,9.289999961853027,9.199999809265137,9.260000228881836,10375640,9.079999923706056,-0.05999946594238281,-0.015184418575713116,-0.01999950408935547,0.09000015258789062,1
2025-05-15,9.079999923706056,9.210000038146973,8.979999542236328,9.210000038146973,17049750,9.170000076293944,-0.14000034332275213,0.00991191116124514,-0.010000228881835938,0.23000049591064453,0
2025-05-16,9.170000076293944,9.239999771118164,9.119999885559082,9.220000267028809,7773001,9.210000038146973,0.09000015258788707,0.004362045967309862,0.14000034332275213,0.11999988555908203,0
2025-05-19,9.210000038146973,9.289999961853027,9.119999885559082,9.170000076293944,10212290,9.15999984741211,0.03999996185302912,-0.005428902337433995,0.0,0.1700000762939453,1
2025-05-20,9.15999984741211,9.220000267028809,9.119999885559082,9.220000267028809,9260879,9.31999969482422,-0.05000019073486328,0.0174672325412008,0.010000228881835938,0.10000038146972656,1
2025-05-21,9.31999969482422,9.34000015258789,9.199999809265137,9.260000228881836,9736187,9.369999885559082,0.15999984741211115,0.005364827507733576,0.10000038146972656,0.1400003433227539,0
2025-05-22,9.369999885559082,9.399999618530272,9.329999923706056,9.399999618530272,5271572,9.359999656677246,0.050000190734861505,-0.00106726029925018,0.07999992370605113,0.0699996948242152,1
2025-05-23,9.359999656677246,9.460000038146973,9.329999923706056,9.369999885559082,6194832,9.369999885559082,-0.010000228881835938,0.0010684005607523674,0.0,0.1300001144409162,1
2025-05-26,9.369999885559082,9.449999809265137,9.329999923706056,9.420000076293944,6945963,9.34000015258789,0.010000228881835938,-0.003201679118206457,0.06000041961669744,0.11999988555908025,0
2025-05-27,9.34000015258789,9.4399995803833,9.329999923706056,9.380000114440918,5755125,9.380000114440918,-0.029999732971191406,0.004282651092028549,0.010000228881835938,0.10999965667724432,1
2025-05-28,9.380000114440918,9.399999618530272,9.329999923706056,9.34000015258789,6003873,9.289999961853027,0.039999961853027344,-0.009594898879514029,0.0,0.0699996948242152,0
2025-05-29,9.289999961853027,9.359999656677246,9.0,9.350000381469728,6672383,9.34000015258789,-0.09000015258789062,0.0053821518773063595,-0.02999973297118963,0.3599996566772461,1
2025-05-30,9.34000015258789,9.359999656677246,9.279999732971191,9.289999961853027,6181885,9.449999809265137,0.05000019073486328,0.011777264976464462,0.0,0.07999992370605469,0
2025-06-02,9.449999809265137,10.5,9.31999969482422,10.5,10758100,9.489999771118164,0.1099996566772461,0.004232800281520627,1.1599998474121094,1.1800003051757795,1
2025-06-03,9.489999771118164,9.68000030517578,9.199999809265137,9.68000030517578,8370477,9.539999961853027,0.039999961853027344,0.005268724124423449,0.23000049591064275,0.48000049591064275,1
2025-06-04,9.539999961853027,9.720000267028809,9.210000038146973,9.720000267028809,9968345,9.579999923706056,0.05000019073486328,0.004192868135531902,0.23000049591064453,0.5100002288818359,1
2025-06-05,9.579999923706056,9.770000457763672,9.300000190734863,9.770000457763672,9325858,9.539999961853027,0.03999996185302912,-0.004175361395781201,0.23000049591064453,0.4700002670288086,1
2025-06-06,9.539999961853027,9.8100004196167,9.34000015258789,9.8100004196167,10796540,9.449999809265137,-0.03999996185302912,-0.009433978296411776,0.23000049591064275,0.4700002670288086,1
2025-06-09,9.449999809265137,9.770000457763672,9.109999656677246,9.770000457763672,14279980,9.460000038146973,-0.09000015258789062,0.001058225299859936,0.23000049591064453,0.6600008010864258,0
2025-06-10,9.460000038146973,9.619999885559082,9.229999542236328,9.229999542236328,10223820,9.479999542236328,0.010000228881835938,0.0021141124744934966,-0.2200002670288086,0.3900003433227539,0
2025-06-11,9.479999542236328,10.0,9.25,10.0,10263920,9.529999732971191,0.01999950408935547,0.005274281977767718,0.5399999618530273,0.75,1
2025-06-12,9.529999732971191,9.710000038146973,9.239999771118164,9.710000038146973,9428511,9.739999771118164,0.05000019073486328,0.022035681430339394,0.23000049591064453,0.4700002670288086,1
2025-06-13,9.739999771118164,9.770000457763672,9.539999961853027,9.760000228881836,17843600,9.75,0.21000003814697266,0.0010267175684633408,0.23000049591064453,0.23000049591064453,1
2025-06-16,9.75,10.399999618530272,9.739999771118164,9.979999542236328,31667430,9.68000030517578,0.010000228881835938,-0.007179455879407233,0.23999977111816406,0.6599998474121076,1
2025-06-17,9.68000030517578,10.3100004196167,9.600000381469728,9.989999771118164,15377210,9.720000267028809,-0.06999969482422053,0.004132227333881552,0.23999977111816406,0.7100000381469709,1
2025-06-18,9.720000267028809,9.869999885559082,9.470000267028809,9.869999885559082,13183470,9.699999809265137,0.03999996185302912,-0.0020576602072240042,0.18999958038330256,0.39999961853027344,0
2025-06-19,9.699999809265137,9.960000038146973,9.470000267028809,9.470000267028809,11639850,9.65999984741211,-0.020000457763671875,-0.004123707488614652,-0.25,0.48999977111816406,1
2025-06-20,9.65999984741211,9.9399995803833,9.449999809265137,9.9399995803833,9672474,9.699999809265137,-0.039999961853027344,0.004140782865927606,0.23999977111816406,0.48999977111816406,0
2025-06-23,9.699999809265137,10.399999618530272,9.40999984741211,9.65999984741211,13290160,9.510000228881836,0.039999961853027344,-0.019587585991684156,0.0,0.9899997711181623,0
2025-06-24,9.510000228881836,9.9399995803833,9.470000267028809,9.9399995803833,18768670,9.510000228881836,-0.18999958038330078,0.0,0.23999977111816406,0.4699993133544922,1
2025-06-25,9.510000228881836,9.770000457763672,9.25,9.739999771118164,10117470,9.520000457763672,0.0,0.0010515487530131996,0.22999954223632812,0.5200004577636719,0
2025-06-26,9.520000457763672,10.449999809265137,9.449999809265137,9.739999771118164,8597166,9.380000114440918,0.010000228881835938,-0.01470591770913015,0.22999954223632812,1.0,0
2025-06-27,9.380000114440918,10.5,9.359999656677246,9.75,21467310,9.390000343322754,-0.1400003433227539,0.0010661224690648086,0.22999954223632812,1.140000343322754,1
2025-06-30,9.390000343322754,10.300000190734863,9.140000343322754,10.300000190734863,12757420,9.5,0.010000228881835938,0.011714552998442332,0.9200000762939453,1.1599998474121094,0
2025-07-01,9.5,9.619999885559082,9.350000381469728,9.619999885559082,10390640,9.520000457763672,0.1099996566772461,0.002105311343544408,0.22999954223632812,0.2699995040893537,1
2025-07-02,9.520000457763672,9.729999542236328,9.260000228881836,9.260000228881836,7924173,9.510000228881836,0.020000457763671875,-0.0010504441597668868,-0.23999977111816406,0.4699993133544922,1
2025-07-03,9.510000228881836,10.0,9.279999732971191,10.0,10830410,9.5,-0.010000228881835938,-0.0010515487530131996,0.4799995422363281,0.7200002670288086,1
2025-07-04,9.5,9.600000381469728,9.350000381469728,9.600000381469728,9497877,9.460000038146973,-0.010000228881835938,-0.004210522300318668,0.0900001525878924,0.25,0
2025-07-07,9.460000038146973,9.600000381469728,9.0,9.260000228881836,10048120,9.489999771118164,-0.039999961853027344,0.003171219117359302,-0.23999977111816406,0.6000003814697283,0
2025-07-08,9.489999771118164,9.56999969482422,9.239999771118164,9.56999969482422,7262983,9.399999618530272,0.029999732971191406,-0.009483683325451554,0.10999965667724787,0.32999992370605646,0
2025-07-09,9.399999618530272,9.720000267028809,9.25,9.720000267028809,12528260,9.479999542236328,-0.0900001525878924,0.008510630526872806,0.23000049591064453,0.4700002670288086,1
2025-07-10,9.479999542236328,9.630000114440918,9.350000381469728,9.630000114440918,6560479,9.529999732971191,0.07999992370605646,0.005274281977767718,0.2300004959106463,0.27999973297118963,0
2025-07-11,9.529999732971191,9.649999618530272,9.239999771118164,9.649999618530272,8041910,9.609999656677246,0.05000019073486328,0.008394535776247384,0.17000007629394354,0.4099998474121076,1
2025-07-14,9.609999656677246,9.729999542236328,9.289999961853027,9.649999618530272,11913150,9.579999923706056,0.07999992370605469,-0.0031217205039487314,0.11999988555908025,0.4399995803833008,1
2025-07-15,9.579999923706056,11.43000030517578,9.56999969482422,9.850000381469728,10009860,9.550000190734863,-0.02999973297118963,-0.0031314961597189326,0.24000072479248225,1.860000610351559,1
2025-07-16,9.550000190734863,9.8100004196167,9.34000015258789,9.8100004196167,9409414,9.520000457763672,-0.029999732971193183,-0.003141333232673261,0.23000049591064275,0.4700002670288086,0
2025-07-17,9.520000457763672,9.779999732971191,9.449999809265137,9.779999732971191,5693392,9.59000015258789,-0.029999732971191406,0.0073529087666306964,0.22999954223632812,0.3299999237060547,0
2025-07-18,9.59000015258789,9.75,9.369999885559082,9.75,8892749,9.649999618530272,0.06999969482421875,0.006256461416863482,0.22999954223632812,0.38000011444091797,0
2025-07-21,9.649999618530272,9.81999969482422,9.359999656677246,9.81999969482422,40950110,9.710000038146973,0.059999465942381036,0.0062176603096943195,0.2299995422363299,0.46000003814697443,1
2025-07-22,9.710000038146973,9.890000343322754,9.479999542236328,9.890000343322754,11503750,9.81999969482422,0.060000419616700995,0.011328491889299712,0.24000072479248225,0.4100008010864258,1
2025-07-23,9.81999969482422,10.0,9.460000038146973,9.460000038146973,14658990,9.670000076293944,0.10999965667724787,-0.015274910711996922,-0.25,0.5399999618530273,1
2025-07-24,9.670000076293944,10.0600004196167,9.65999984741211,10.0600004196167,14922480,9.630000114440918,-0.149999618530277,-0.004136500676053321,0.2400007247924787,0.40000057220458984,1
2025-07-25,9.630000114440918,9.710000038146973,9.609999656677246,9.670000076293944,9459367,9.619999885559082,-0.03999996185302557,-0.0010384453544128036,0.0,0.10000038146972656,0
2025-07-28,9.619999885559082,9.779999732971191,9.380000114440918,9.380000114440918,9311793,9.609999656677246,-0.010000228881835938,-0.001039524844158016,-0.25,0.39999961853027344,0
2025-07-29,9.609999656677246,11.350000381469728,8.0,9.619999885559082,7812830,9.6899995803833,-0.010000228881835938,0.008324654169000821,0.0,3.3500003814697283,0
2025-07-30,9.6899995803833,9.949999809265137,9.550000190734863,9.869999885559082,12044730,9.649999618530272,0.07999992370605469,-0.004127963218286008,0.26000022888183594,0.39999961853027344,0
2025-07-31,9.649999618530272,9.84000015258789,9.329999923706056,9.84000015258789,7329879,9.600000381469728,-0.03999996185302912,-0.005181268293993816,0.15000057220458984,0.5100002288818342,1
2025-08-01,9.600000381469728,9.829999923706056,9.34000015258789,9.829999923706056,8082378,9.760000228881836,-0.04999923706054332,0.016666650109821365,0.1800003051757848,0.48999977111816584,0
2025-08-04,9.760000228881836,9.93000030517578,9.359999656677246,9.84000015258789,14456000,9.8100004196167,0.1599998474121076,0.0051229702420398,0.2399997711181623,0.5700006484985334,0
2025-08-05,9.8100004196167,10.0,9.600000381469728,10.0,13827600,9.800000190734863,0.05000019073486328,-0.0010193912797229697,0.23999977111816406,0.39999961853027166,1
2025-08-06,9.800000190734863,10.050000190734863,9.65999984741211,10.050000190734863,13782750,9.850000381469728,-0.010000228881835938,0.005102060179767786,0.23999977111816406,0.3900003433227539,1
2025-08-07,9.850000381469728,10.039999961853027,9.550000190734863,10.039999961853027,12025770,9.899999618530272,0.05000019073486506,0.005076064479612018,0.23999977111816406,0.48999977111816406,0
2025-08-08,9.899999618530272,10.140000343322754,9.869999885559082,10.09000015258789,19290710,9.770000457763672,0.04999923706054332,-0.013131228866238999,0.2399997711181623,0.2700004577636719,1
2025-08-11,9.770000457763672,10.18000030517578,9.649999618530272,10.140000343322754,14059910,9.739999771118164,-0.1299991607665998,-0.0030706944974263485,0.24000072479248225,0.5300006866455078,1
2025-08-12,9.739999771118164,11.350000381469728,9.520000457763672,10.010000228881836,9436646,9.770000457763672,-0.030000686645507812,0.0030801527053900225,0.23999977111816406,1.8299999237060565,0
2025-08-13,9.770000457763672,9.979999542236328,9.699999809265137,9.979999542236328,12421720,9.770000457763672,0.030000686645507812,0.0,0.23999977111816406,0.2799997329711914,0
2025-08-14,9.770000457763672,10.010000228881836,9.649999618530272,10.010000228881836,10458670,9.739999771118164,0.0,-0.0030706944974263485,0.23999977111816406,0.3600006103515643,1
2025-08-18,9.739999771118164,9.81999969482422,9.65999984741211,9.770000457763672,12821730,9.670000076293944,-0.030000686645507812,-0.007186827152890628,0.0,0.15999984741211115,0
2025-08-19,9.670000076293944,10.09000015258789,9.640000343322754,9.979999542236328,10011790,9.640000343322754,-0.06999969482422053,-0.0031023508515510907,0.23999977111816406,0.4499998092651367,0
2025-08-20,9.640000343322754,10.0,9.5,9.670000076293944,37900810,9.699999809265137,-0.02999973297118963,0.006224010768209367,0.0,0.5,0
2025-08-21,9.699999809265137,9.880000114440918,9.5,9.880000114440918,8306339,9.699999809265137,0.05999946594238281,0.0,0.23999977111816406,0.38000011444091797,0
2025-08-22,9.699999809265137,10.100000381469728,9.449999809265137,9.9399995803833,7438569,9.789999961853027,0.0,0.00927836642861841,0.23999977111816406,0.6500005722045916,1
2025-08-25,9.789999961853027,11.270000457763672,9.699999809265137,9.9399995803833,12017610,9.84000015258789,0.09000015258789062,0.0051072718007855195,0.23999977111816406,1.5700006484985352,0
2025-08-26,9.84000015258789,10.029999732971191,9.699999809265137,9.789999961853027,10868970,9.899999618530272,0.05000019073486328,0.006097506606908065,0.0,0.3299999237060547,1
2025-08-28,9.899999618530272,10.25,9.579999923706056,10.079999923706056,12046020,10.0,0.059999465942381036,0.010101049022522502,0.23999977111816584,0.6700000762939435,1
2025-08-29,10.0,11.199999809265137,9.899999618530272,9.899999618530272,14858830,10.18000030517578,0.10000038146972834,0.018000030517577946,0.0,1.300000190734865,1
2025-09-01,10.18000030517578,10.270000457763672,9.75,10.0,27325050,10.18000030517578,0.18000030517577947,0.0,0.0,0.5200004577636719,1
2025-09-02,10.18000030517578,10.5,10.149999618530272,10.43000030517578,23534620,10.31999969482422,0.0,0.013752395427460025,0.25,0.35000038146972834,1
2025-09-03,10.31999969482422,10.43000030517578,10.18000030517578,10.18000030517578,25808680,10.350000381469728,0.13999938964844105,0.0029070433655685114,0.0,0.25,0
2025-09-04,10.350000381469728,11.880000114440918,10.289999961853027,10.56999969482422,26814140,10.399999618530272,0.030000686645507812,0.004830843982388655,0.25,1.5900001525878906,1
2025-09-05,10.399999618530272,10.520000457763672,10.239999771118164,10.520000457763672,29510670,10.5600004196167,0.04999923706054332,0.015384692976463674,0.17000007629394354,0.2800006866455078,1
2025-09-08,10.5600004196167,10.670000076293944,10.399999618530272,10.550000190734863,42398470,10.6899995803833,0.16000080108642756,0.012310526098570003,0.15000057220459162,0.2700004577636719,1
2025-09-09,10.6899995803833,12.130000114440918,10.579999923706056,10.81999969482422,57889090,10.68000030517578,0.12999916076660156,-0.0009353859307787525,0.2599992752075213,1.5500001907348615,1
2025-09-10,10.68000030517578,10.960000038146973,10.600000381469728,10.949999809265137,33682440,10.630000114440918,-0.009999275207521308,-0.004681665665368028,0.26000022888183594,0.3599996566772443,1
2025-09-11,10.630000114440918,11.0,10.600000381469728,10.9399995803833,28782370,10.710000038146973,-0.050000190734861505,0.007525862920488055,0.2599992752075213,0.39999961853027166,0
2025-09-12,10.710000038146973,10.869999885559082,10.359999656677246,10.630000114440918,29207990,10.670000076293944,0.07999992370605469,-0.0037348236891276286,0.0,0.5100002288818359,0
2025-09-15,10.670000076293944,10.979999542236328,10.65999984741211,10.970000267028809,28740510,10.829999923706056,-0.03999996185302912,0.014995299556519437,0.26000022888183594,0.31999969482421875,1
2025-09-16,10.829999923706056,10.970000267028809,10.670000076293944,10.670000076293944,28353020,10.720000267028809,0.15999984741211293,-0.010156939746275242,0.0,0.30000019073486506,0
2025-09-17,10.720000267028809,11.100000381469728,10.6899995803833,11.100000381469728,44351020,10.75,-0.10999965667724787,0.0027984824835742502,0.2700004577636719,0.41000080108642756,1
2025-09-18,10.75,10.880000114440918,10.5,10.5,26324910,10.710000038146973,0.029999732971191406,-0.0037209266840025437,-0.2200002670288086,0.38000011444091797,0
2025-09-19,10.710000038146973,10.789999961853027,10.619999885559082,10.789999961853027,19345630,10.90999984741211,-0.039999961853027344,0.018674118445637315,0.039999961853027344,0.1700000762939453,1
2025-09-22,10.90999984741211,11.079999923706056,10.720000267028809,10.720000267028809,31144280,11.18000030517578,0.19999980926513672,0.0247479799761606,0.010000228881835938,0.35999965667724787,0
2025-09-23,11.18000030517578,11.25,10.630000114440918,10.630000114440918,54082240,11.109999656677246,0.2700004577636701,-0.006261238514110468,-0.2799997329711914,0.619999885559082,1
2025-09-24,11.109999656677246,11.550000190734863,10.899999618530272,10.899999618530272,56667400,11.06999969482422,-0.07000064849853338,-0.0036003567136912644,-0.2800006866455078,0.6500005722045916,1
2025-09-25,11.06999969482422,11.399999618530272,10.829999923706056,11.109999656677246,31688890,11.079999923706056,-0.03999996185302557,0.0009033630675266906,0.0,0.5699996948242152,0
2025-09-26,11.079999923706056,11.119999885559082,10.890000343322754,11.09000015258789,32270340,11.229999542236328,0.010000228881835938,0.01353787180172647,0.0200004577636701,0.22999954223632812,0
2025-09-29,11.229999542236328,11.359999656677246,11.020000457763672,11.199999809265137,42740370,11.300000190734863,0.14999961853027166,0.006233361651998368,0.11999988555908025,0.3399991989135742,1
2025-09-30,11.300000190734863,11.510000228881836,11.229999542236328,11.510000228881836,64157560,11.43000030517578,0.07000064849853516,0.011504434712090214,0.2800006866455078,0.2800006866455078,1
2025-10-01,11.43000030517578,11.649999618530272,11.300000190734863,11.579999923706056,54595580,11.390000343322754,0.1300001144409162,-0.0034995591238009523,0.2799997329711932,0.3499994277954084,1
2025-10-03,11.390000343322754,11.529999732971191,11.229999542236328,11.43000030517578,48770440,11.640000343322754,-0.03999996185302557,0.021949077477118724,0.0,0.3000001907348633,1
2025-10-06,11.640000343322754,11.699999809265137,11.100000381469728,11.390000343322754,73589000,11.670000076293944,0.25,0.0025772965709918447,0.0,0.5999994277954084,0
2025-10-07,11.670000076293944,11.979999542236328,11.640000343322754,11.850000381469728,79594520,11.93000030517578,0.02999973297118963,0.022279368224683384,0.21000003814697443,0.3399991989135742,1
2025-10-08,11.93000030517578,11.989999771118164,11.739999771118164,11.739999771118164,69403570,11.9399995803833,0.26000022888183594,0.0008381621920984499,0.06999969482422053,0.25,1
2025-10-09,11.9399995803833,11.979999542236328,11.899999618530272,11.93000030517578,96317040,11.8100004196167,0.009999275207521308,-0.010887702289385532,0.0,0.07999992370605646,1
2025-10-10,11.8100004196167,11.979999542236328,11.56999969482422,11.970000267028809,86098070,12.029999732971191,-0.12999916076660156,0.01862822231479924,0.030000686645507812,0.4099998474121076,1
2025-10-13,12.029999732971191,12.18000030517578,11.93000030517578,12.09000015258789,85173630,12.270000457763672,0.2199993133544922,0.019950185379863233,0.2799997329711914,0.25,0
2025-10-14,12.270000457763672,12.380000114440918,12.100000381469728,12.329999923706056,113767600,12.34000015258789,0.24000072479248047,0.005704946390603222,0.30000019073486506,0.27999973297118963,1
2025-10-15,12.34000015258789,13.479999542236328,12.270000457763672,12.300000190734863,103382600,12.329999923706056,0.06999969482421875,-0.0008103913094147699,0.029999732971191406,1.2099990844726562,1
2025-10-16,12.329999923706056,12.550000190734863,12.210000038146973,12.550000190734863,83006180,12.670000076293944,-0.010000228881834161,0.027575032821710872,0.21000003814697266,0.3400001525878906,1
2025-10-17,12.670000076293944,12.75,12.470000267028809,12.479999542236328,113676500,12.369999885559082,0.3400001525878871,-0.023677994390558323,0.14999961853027166,0.2799997329711914,0
2025-10-20,12.369999885559082,12.829999923706056,11.68000030517578,12.670000076293944,104140700,12.56999969482422,-0.3000001907348615,0.016168133477399718,0.0,1.149999618530277,1
2025-10-21,12.56999969482422,12.9399995803833,12.399999618530272,12.9399995803833,40394200,11.9399995803833,0.1999998092651385,-0.05011934206333564,0.5699996948242188,0.5399999618530291,0
2025-10-23,11.9399995803833,12.5,11.0,12.399999618530272,136574400,11.789999961853027,-0.6300001144409197,-0.012562782562967069,-0.17000007629394887,1.5,1
2025-10-24,11.789999961853027,14.0,11.619999885559082,14.0,77522710,11.770000457763672,-0.14999961853027344,-0.001696310784907938,2.060000419616699,2.380000114440918,0
2025-10-27,11.770000457763672,11.880000114440918,11.4399995803833,11.789999961853027,64590740,11.369999885559082,-0.01999950408935547,-0.033984754175667285,0.0,0.4400005340576172,0
2025-10-28,11.369999885559082,11.710000038146973,11.300000190734863,11.699999809265137,78075960,11.699999809265137,-0.40000057220458984,0.029023740283866152,-0.07000064849853516,0.4099998474121094,0
2025-10-29,11.699999809265137,11.739999771118164,11.369999885559082,11.369999885559082,57478000,11.710000038146973,0.3299999237060547,0.0008547204311846942,0.0,0.36999988555908203,0
2025-10-30,11.710000038146973,12.0,11.399999618530272,11.649999618530272,49168270,11.720000267028809,0.010000228881835938,0.0008539905080494265,-0.05000019073486506,0.6000003814697283,1
2025-10-31,11.720000267028809,11.84000015258789,11.68000030517578,11.720000267028809,36584260,11.739999771118164,0.010000228881835938,0.0017064422895636704,0.010000228881835938,0.15999984741211115,1
2025-11-03,11.739999771118164,11.800000190734863,11.720000267028809,11.720000267028809,35409190,11.6899995803833,0.01999950408935547,-0.004258960111555527,0.0,0.07999992370605469,1
2025-11-04,11.6899995803833,12.029999732971191,11.640000343322754,12.029999732971191,27767020,11.710000038146973,-0.05000019073486328,0.0017109032062955886,0.28999996185302734,0.3899993896484375,1
2025-11-06,11.710000038146973,11.970000267028809,10.56999969482422,11.6899995803833,31088590,11.710000038146973,0.020000457763671875,0.0,0.0,1.400000572204588,0
2025-11-07,11.710000038146973,11.989999771118164,11.65999984741211,11.710000038146973,20464100,11.899999618530272,0.0,0.016225412447852146,0.0,0.3299999237060547,1
2025-11-10,11.899999618530272,12.0,11.40999984741211,12.0,30728110,12.100000381469728,0.189999580383299,0.016806787340398092,0.28999996185302734,0.5900001525878906,0
2025-11-11,12.100000381469728,12.390000343322754,11.600000381469728,11.600000381469728,42006140,12.050000190734863,0.20000076293945668,-0.004132247037895695,-0.2999992370605433,0.7899999618530256,1
2025-11-12,12.050000190734863,12.100000381469728,11.989999771118164,12.100000381469728,35877860,12.329999923706056,-0.05000019073486506,0.023236491994953035,0.0,0.11000061035156428,1
2025-11-13,12.329999923706056,12.399999618530272,12.199999809265137,12.199999809265137,46379120,12.18000030517578,0.2799997329711932,-0.012165419258590819,0.14999961853027344,0.19999980926513494,0
2025-11-14,12.18000030517578,12.329999923706056,12.130000114440918,12.329999923706056,45263760,11.960000038146973,-0.149999618530277,-0.018062418843726936,0.0,0.1999998092651385,1
2025-11-17,11.960000038146973,12.18000030517578,11.859999656677246,12.18000030517578,54301500,11.829999923706056,-0.22000026702880682,-0.01086957475136077,0.0,0.3200006484985334,0
2025-11-18,11.829999923706056,11.960000038146973,11.75,11.960000038146973,36551760,11.979999542236328,-0.1300001144409162,0.012679595900054779,0.0,0.21000003814697266,0
2025-11-19,11.979999542236328,12.050000190734863,11.850000381469728,11.850000381469728,32077730,11.899999618530272,0.14999961853027166,-0.006677790213932073,0.020000457763671875,0.19999980926513494,0
2025-11-20,11.899999618530272,11.979999542236328,11.859999656677246,11.960000038146973,27631340,11.949999809265137,-0.07999992370605646,0.0042016968350995975,-0.01999950408935547,0.11999988555908203,1
2025-11-21,11.949999809265137,12.1899995803833,11.75,12.1899995803833,25176470,11.970000267028809,0.05000019073486506,0.0016736785006611478,0.2899999618530291,0.4399995803833008,0
2025-11-24,11.970000267028809,12.050000190734863,11.920000076293944,11.960000038146973,23234720,12.119999885559082,0.020000457763671875,0.012531296172435785,0.010000228881835938,0.13000011444091975,1
2025-11-25,12.119999885559082,12.279999732971191,12.029999732971191,12.029999732971191,32334720,12.220000267028809,0.14999961853027344,0.00825085663481536,0.05999946594238281,0.25,1
2025-11-26,12.220000267028809,12.239999771118164,12.15999984741211,12.15999984741211,27316010,12.210000038146973,0.10000038146972656,-0.0008183493177833956,0.039999961853027344,0.07999992370605469,1
2025-11-27,12.210000038146973,12.520000457763672,11.789999961853027,11.90999984741211,25438650,12.239999771118164,-0.010000228881835938,0.0024569805796449662,-0.3100004196166992,0.7300004959106445,1
2025-11-28,12.239999771118164,12.510000228881836,11.899999618530272,12.350000381469728,25408360,12.489999771118164,0.029999732971191406,0.020424836983241355,0.14000034332275568,0.6100006103515643,0
2025-12-01,12.489999771118164,12.65999984741211,12.359999656677246,12.489999771118164,50598460,12.390000343322754,0.25,-0.008006359457799872,0.25,0.3000001907348633,1
2025-12-02,12.390000343322754,13.050000190734863,12.369999885559082,12.489999771118164,45682010,12.470000267028809,-0.09999942779541016,0.006456813679522488,0.0,0.6800003051757812,1
2025-12-03,12.470000267028809,12.539999961853027,12.420000076293944,12.420000076293944,32008290,12.420000076293944,0.07999992370605469,-0.004009638305066249,0.02999973297118963,0.11999988555908381,0
2025-12-04,12.420000076293944,12.550000190734863,12.399999618530272,12.520000457763672,33352590,12.510000228881836,-0.05000019073486506,0.007246389052740484,0.05000019073486328,0.15000057220459162,1
2025-12-05,12.510000228881836,12.729999542236328,12.420000076293944,12.5,33261360,12.510000228881836,0.0900001525878924,0.0,0.07999992370605646,0.3099994659423846,0
2025-12-08,12.510000228881836,12.539999961853027,12.4399995803833,12.5,32812470,12.470000267028809,0.0,-0.0031974389385444964,-0.010000228881835938,0.10000038146972656,1
2025-12-09,12.470000267028809,12.699999809265137,12.390000343322754,12.510000228881836,37461240,12.460000038146973,-0.039999961853027344,-0.000801942956511152,0.0,0.3099994659423828,0
2025-12-10,12.460000038146973,12.779999732971191,12.149999618530272,12.779999732971191,33967780,12.539999961853027,-0.010000228881835938,0.006420539603622034,0.3099994659423828,0.6300001144409197,0
2025-12-11,12.539999961853027,14.5,12.460000038146973,12.770000457763672,25058160,12.81999969482422,0.07999992370605469,0.022328527418098796,0.3100004196166992,2.0399999618530273,0
2025-12-12,12.81999969482422,13.420000076293944,12.630000114440918,12.630000114440918,49681260,13.0,0.2799997329711932,0.014040585761359296,0.09000015258789062,0.7899999618530256,1
2025-12-15,13.0,13.989999771118164,12.829999923706056,12.829999923706056,71486200,12.850000381469728,0.18000030517577947,-0.011538432194636282,0.010000228881835938,1.1599998474121076,1
2025-12-16,12.850000381469728,13.989999771118164,12.8100004196167,13.390000343322754,69318230,12.890000343322754,-0.14999961853027166,0.003112837405881115,0.3900003433227539,1.1799993515014648,1
2025-12-17,12.890000343322754,13.5,12.520000457763672,12.520000457763672,59358660,12.899999618530272,0.03999996185302557,0.0007757389403560066,-0.32999992370605646,0.9799995422363281,0
2025-12-18,12.899999618530272,13.489999771118164,12.829999923706056,12.890000343322754,45577590,12.859999656677246,0.009999275207517755,-0.0031007723283625072,0.0,0.6599998474121076,1
2025-12-19,12.859999656677246,13.420000076293944,12.81999969482422,13.220000267028809,45474810,13.06999969482422,-0.03999996185302557,0.016329707912389947,0.32000064849853693,0.600000381469723,1
2025-12-22,13.06999969482422,14.300000190734863,12.890000343322754,12.90999984741211,69967640,13.3100004196167,0.21000003814697443,0.018362718469497753,0.05000019073486328,1.4099998474121094,0
2025-12-23,13.3100004196167,13.399999618530272,10.329999923706056,10.329999923706056,77248420,13.31999969482422,0.2400007247924787,0.0007512603224853442,-2.739999771118164,3.069999694824215,1
2025-12-24,13.31999969482422,13.640000343322754,13.279999732971191,13.640000343322754,86207070,13.460000038146973,0.009999275207521308,0.010510536526299798,0.3299999237060547,0.3600006103515625,1
2025-12-26,13.460000038146973,13.970000267028809,13.3100004196167,13.31999969482422,82913830,13.300000190734863,0.14000034332275213,-0.011887061438235808,0.0,0.6599998474121094,1
2025-12-29,13.300000190734863,13.880000114440918,13.119999885559082,13.789999961853027,134412900,13.0600004196167,-0.15999984741210938,-0.018045095314010173,0.3299999237060547,0.7600002288818359,1
2025-12-30,13.0600004196167,13.600000381469728,12.949999809265137,13.600000381469728,100595400,12.989999771118164,-0.23999977111816406,-0.005359926971624831,0.30000019073486506,0.6500005722045916,0
2025-12-31,12.989999771118164,13.869999885559082,12.729999542236328,12.729999542236328,57940910,12.960000038146973,-0.07000064849853516,-0.0023094483063727618,-0.3300008773803711,1.140000343322754,0
2026-01-01,12.960000038146973,13.020000457763672,12.890000343322754,12.989999771118164,38678880,13.109999656677246,-0.029999732971191406,0.011574044605614096,0.0,0.13000011444091797,0
2026-01-02,13.109999656677246,14.300000190734863,12.630000114440918,13.279999732971191,49241230,13.25,0.14999961853027344,0.010678897558280886,0.31999969482421875,1.6700000762939453,0
2026-01-05,13.25,13.880000114440918,13.130000114440918,13.880000114440918,86385110,13.289999961853027,0.1400003433227539,0.0030188650455114977,0.7700004577636719,0.75,1
2026-01-06,13.289999961853027,13.609999656677246,12.90999984741211,13.579999923706056,73320100,13.25,0.039999961853027344,-0.0030097789291076973,0.32999992370605646,0.6999998092651367,1
2026-01-07,13.25,13.789999961853027,12.6899995803833,13.619999885559082,71204110,13.15999984741211,-0.039999961853027344,-0.006792464346255896,0.3299999237060547,1.1000003814697266,1
2026-01-08,13.15999984741211,13.579999923706056,13.0,13.25,68909920,13.300000190734863,-0.09000015258789062,0.010638324084045086,0.0,0.5799999237060565,0
2026-01-09,13.300000190734863,13.779999732971191,13.149999618530272,13.479999542236328,57066430,13.65999984741211,0.1400003433227539,0.027067642971015257,0.31999969482421875,0.6300001144409197,0
2026-01-12,13.65999984741211,13.869999885559082,13.300000190734863,13.630000114440918,101612400,13.65999984741211,0.3599996566772461,0.0,0.3299999237060547,0.5699996948242188,1
2026-01-13,13.65999984741211,14.279999732971191,13.550000190734863,14.0,94506790,13.869999885559082,0.0,0.01537335581938218,0.3400001525878906,0.7299995422363281,1
2026-01-14,13.869999885559082,14.079999923706056,13.710000038146973,14.0,99966580,13.8100004196167,0.21000003814697266,-0.004325844732331396,0.3400001525878906,0.3699998855590838,0
2026-01-16,13.8100004196167,14.229999542236328,13.739999771118164,14.210000038146973,114555300,14.140000343322754,-0.05999946594238281,0.023895721482911723,0.3400001525878906,0.48999977111816406,1
2026-01-19,14.140000343322754,14.300000190734863,13.850000381469728,14.300000190734863,157255400,15.380000114440918,0.3299999237060547,0.0876944654180098,0.48999977111816406,0.44999980926513494,0
2026-01-20,15.380000114440918,15.5,13.899999618530272,14.489999771118164,368515300,16.049999237060547,1.239999771118164,0.04356301154969037,0.34999942779541016,1.6000003814697283,1
2026-01-21,16.049999237060547,16.829999923706055,15.479999542236328,15.479999542236328,859678900,14.550000190734863,0.6699991226196289,-0.09345788894880962,0.09999942779541016,1.3500003814697266,1
2026-01-22,14.550000190734863,16.0,14.010000228881836,14.899999618530272,445646800,14.9399995803833,-1.4999990463256836,0.02680408141140651,-1.1499996185302752,1.989999771118164,1
2026-01-23,14.9399995803833,16.139999389648438,14.84000015258789,15.119999885559082,259442700,15.40999984741211,0.3899993896484375,0.031459188770388856,0.5699996948242188,1.2999992370605469,0
2026-01-27,15.40999984741211,16.790000915527344,15.270000457763672,15.520000457763672,261214600,15.890000343322754,0.4700002670288086,0.03114863729159957,0.5800008773803711,1.5200004577636719,1
2026-01-28,15.890000343322754,16.0,15.630000114440918,15.640000343322754,274139900,17.360000610351562,0.48000049591064453,0.09251102802187966,0.23000049591064453,0.36999988555908203,1
2026-01-29,17.360000610351562,17.700000762939453,15.949999809265137,15.949999809265137,580169500,15.770000457763672,1.4700002670288086,-0.09158986732061475,0.05999946594238281,1.7500009536743164,1
2026-01-30,15.770000457763672,16.940000534057617,15.5,16.469999313354492,738630400,14.18000030517578,-1.5900001525878906,-0.10082435678086016,-0.8900012969970703,1.4400005340576172,1
2026-02-02,14.18000030517578,14.979999542236328,13.550000190734863,14.979999542236328,418010500,14.619999885559082,-1.5900001525878924,0.03102958892199038,-0.7900009155273438,1.4299993515014648,0
2026-02-03,14.619999885559082,14.890000343322754,14.329999923706056,14.529999732971191,383551600,15.210000038146973,0.43999958038330256,0.04035568790740305,0.34999942779541193,0.5600004196166974,0
2026-02-04,15.210000038146973,15.380000114440918,14.970000267028809,14.970000267028809,259310700,14.800000190734863,0.5900001525878906,-0.02695593993319013,0.35000038146972656,0.4099998474121094,1
2026-02-05,14.800000190734863,14.880000114440918,14.489999771118164,14.6899995803833,210745400,14.720000267028809,-0.4099998474121094,-0.005405400180747056,-0.5200004577636719,0.3900003433227539,1
2026-02-06,14.720000267028809,14.770000457763672,14.300000190734863,14.720000267028809,154364900,14.960000038146973,-0.07999992370605469,0.016304331981279736,-0.07999992370605469,0.4700002670288086,0
2026-02-09,14.960000038146973,15.300000190734863,14.75,14.75,153388000,15.020000457763672,0.23999977111816406,0.004010723226183307,0.029999732971191406,0.5500001907348633,0
2026-02-10,15.020000457763672,15.979999542236328,14.960000038146973,14.970000267028809,94172550,15.050000190734863,0.06000041961669922,0.001997319045065999,0.010000228881835938,1.0199995040893555,1
2026-02-11,15.050000190734863,15.800000190734863,15.0,15.020000457763672,77402260,15.06999969482422,0.029999732971191406,0.0013288706867704502,0.0,0.8000001907348633,1
2026-02-12,15.06999969482422,15.170000076293944,15.0,15.170000076293944,76301440,14.789999961853027,0.019999504089357245,-0.018579942842822942,0.11999988555908025,0.17000007629394354,1
2026-02-13,14.789999961853027,14.979999542236328,14.109999656677246,14.979999542236328,101853000,14.869999885559082,-0.2799997329711932,0.005409055031263946,-0.0900001525878924,0.869999885559082,1
2026-02-16,14.869999885559082,15.970000267028809,14.760000228881836,15.149999618530272,79337170,14.609999656677246,0.07999992370605469,-0.017484884390236863,0.3599996566772443,1.2100000381469727,0
2026-02-17,14.609999656677246,14.8100004196167,14.5,14.8100004196167,96747700,14.600000381469728,-0.26000022888183594,-0.000684413103524459,-0.05999946594238281,0.3100004196166992,1
2026-02-18,14.600000381469728,14.720000267028809,14.34000015258789,14.609999656677246,80373150,14.880000114440918,-0.009999275207517755,0.019178063401050615,0.0,0.38000011444091797,0
2026-02-19,14.880000114440918,14.960000038146973,14.670000076293944,14.899999618530272,90413210,14.9399995803833,0.27999973297118963,0.0040322221425357265,0.2999992370605433,0.2899999618530291,0
2026-02-20,14.9399995803833,15.5,14.699999809265137,15.25,62883950,15.220000267028809,0.05999946594238281,0.018741679686066236,0.36999988555908203,0.8000001907348633,1
2026-02-23,15.220000267028809,15.899999618530272,15.149999618530272,15.149999618530272,121504500,15.359999656677246,0.2800006866455078,0.009198382864139572,0.21000003814697088,0.75,1
2026-02-24,15.359999656677246,15.479999542236328,15.010000228881836,15.479999542236328,92623720,15.40999984741211,0.1399993896484375,0.003255220823727517,0.25999927520751953,0.4699993133544922,1
2026-02-25,15.40999984741211,15.479999542236328,15.34000015258789,15.470000267028809,72134730,15.289999961853027,0.05000019073486328,-0.007787143851220369,0.1100006103515625,0.1399993896484375,1
2026-02-26,15.289999961853027,15.550000190734863,15.229999542236328,15.479999542236328,77831410,15.399999618530272,-0.11999988555908203,0.007194222168193729,0.06999969482421875,0.32000064849853516,1
2026-02-27,15.399999618530272,15.43000030517578,14.510000228881836,15.40999984741211,63992960,16.190000534057617,0.10999965667724432,0.05129876201923833,0.11999988555908203,0.9200000762939435,0
2026-03-02,16.190000534057617,16.799999237060547,15.670000076293944,15.800000190734863,405901800,15.670000076293944,0.7900009155273455,-0.032118618938263156,0.4000005722045916,1.1299991607666033,1
2026-03-04,15.670000076293944,15.979999542236328,15.40999984741211,15.600000381469728,173425200,15.510000228881836,-0.5200004577636737,-0.010210583703452578,-0.5900001525878888,0.5699996948242188,1
2026-03-05,15.510000228881836,16.450000762939453,15.390000343322754,15.800000190734863,120304300,15.34000015258789,-0.1599998474121076,-0.010960675292407854,0.13000011444091975,1.0600004196166992,0
2026-03-06,15.34000015258789,15.539999961853027,15.270000457763672,15.539999961853027,75531250,15.390000343322754,-0.1700000762939453,0.0032594648133968986,0.029999732971191406,0.26999950408935547,0
2026-03-09,15.390000343322754,16.399999618530273,15.239999771118164,15.720000267028809,123491314,15.390000343322754,0.05000019073486328,0.0,0.38000011444091797,1.1599998474121094,0
2026-03-09,15.390000343322754,16.399999618530273,15.239999771118164,15.720000267028809,123491314,,0.0,,0.3299999237060547,1.1599998474121094,1
